id,domain,question,gold,prediction,truncated,Exact Match,Fuzzy Match,Token F1,ROUGE-1,ROUGE-2,ROUGE-L,BERT Precision,BERT Recall,BERT F1
passport_001,passport,ই-পাসপোর্ট আবেদনের পাঁচটি মূল ধাপ কী কী?,"ই-পাসপোর্ট আবেদনের ৫টি সহজ ধাপ হলো: ১. বর্তমানে আপনার এলাকায় কার্যক্রম শুরু হয়েছে কিনা তা দেখা, ২. অনলাইনে আবেদন ফরম পূরণ করা, ৩. নির্ধারিত পাসপোর্ট ফি পরিশোধ করা, ৪. ছবি ও আঙুলের ছাপের জন্য পাসপোর্ট অফিসে উপস্থিত হওয়া এবং ৫. পাসপোর্ট সংগ্রহ করা।","ই-পাসপোর্ট আবেদনের পাঁচটি মূল ধাপ হলো: প্রথমে আবেদনকারীর এলাকায় ই-পাসপোর্ট সেবা চালু আছে কি না যাচাই করা, এরপর অনলাইনে আবেদন পূরণ করা, নির্ধারিত পাসপোর্ট ফি পরিশোধ করা, নির্ধারিত পাসপোর্ট অফিসে গিয়ে এনরোলমেন্ট সম্পন্ন করা এবং শেষে পাসপোর্ট সংগ্রহ করা।",False,0.0,0.6762589928057554,0.49411764705882355,0.49411764705882355,0.2891566265060241,0.49411764705882355,0.89245653,0.8625032,0.87722427
passport_179,passport,প্রবাসী শ্রমিকের ৬৪ পৃষ্ঠা ৫ বছর এক্সপ্রেস ই-পাসপোর্টে কত ডলার লাগে?,বিদেশস্থ বাংলাদেশ মিশনে শ্রমিক ও শিক্ষার্থীদের জন্য ৬৪ পৃষ্ঠা ও ৫ বছর মেয়াদের ই-পাসপোর্টের এক্সপ্রেস ডেলিভারি ফি ২০০ মার্কিন ডলার।,২০০ মার্কিন ডলার।,False,0.0,1.0,0.25,0.25,0.18181818181818182,0.25,0.8015361,0.58515614,0.6764641
passport_216,passport,বিদেশে শ্রমিক শিক্ষার্থীর ৬৪ পৃষ্ঠা ৫ বছর এক্সপ্রেস ফি কত?,বিদেশস্থ বাংলাদেশ মিশনে শ্রমিক ও শিক্ষার্থীদের জন্য ৬৪ পৃষ্ঠা ও ৫ বছর মেয়াদের ই-পাসপোর্টের এক্সপ্রেস ডেলিভারি ফি ২০০ মার্কিন ডলার।,২০০ মার্কিন ডলার।,False,0.0,1.0,0.25,0.25,0.18181818181818182,0.25,0.8015361,0.58515614,0.6764641
passport_241,passport,স্টুডেন্ট হিসেবে মিশনে ৬৪ পৃষ্ঠা ৫ বছর এক্সপ্রেস পাসপোর্ট ফি কত?,বিদেশস্থ বাংলাদেশ মিশনে শ্রমিক ও শিক্ষার্থীদের জন্য ৬৪ পৃষ্ঠা ও ৫ বছর মেয়াদের ই-পাসপোর্টের এক্সপ্রেস ডেলিভারি ফি ২০০ মার্কিন ডলার।,বিদেশস্থ বাংলাদেশ মিশনে শ্রমিক ও শিক্ষার্থীদের জন্য ৬৪ পৃষ্ঠা ও ৫ বছর মেয়াদের ই-পাসপোর্টের এক্সপ্রেস ডেলিভারি ফি ২০০ মার্কিন ডলার।,False,1.0,1.0,1.0,1.0,1.0,1.0,1.0,1.0,1.0
passport_291,passport,শিশুর পাসপোর্ট সংগ্রহে কী লাগবে?,অপ্রাপ্তবয়স্কের পাসপোর্ট সংগ্রহে পিতা বা মাতাকে সরাসরি আসতে হবে; অন্য কেউ সংগ্রহ করলে তার এনআইডি এবং আবেদনকারীর পিতা বা মাতার অথরাইজেশন লেটার লাগবে।,পিতা বা মাতাকে সরাসরি আসতে হবে; অন্য কেউ সংগ্রহ করলে তার এনআইডি এবং আবেদনকারীর পিতা বা মাতার অথরাইজেশন লেটার লাগবে।,False,0.0,1.0,0.9302325581395349,0.9302325581395349,0.9268292682926829,0.9302325581395349,0.96006924,0.9008434,0.9295139
passport_135,passport,পাসপোর্ট অফিসে না গিয়ে বায়োমেট্রিক করা যাবে?,"না, বায়োমেট্রিক এনরোলমেন্টের জন্য নির্ধারিত পাসপোর্ট অফিসে উপস্থিত হতে হয়।","না, বায়োমেট্রিক এনরোলমেন্টের জন্য নির্ধারিত পাসপোর্ট অফিসে উপস্থিত হতে হয়।",False,1.0,1.0,1.0,1.0,1.0,1.0,1.0,1.0,1.0
passport_293,passport,অফিসিয়াল পাসপোর্টের জন্য সরকারি চাকরিজীবী কীভাবে আবেদন করবে?,সরকারি চাকরিজীবীকে ওয়েব পোর্টালে আবেদন করার সময় সাধারণ পাসপোর্ট হিসেবে আবেদন করতে হবে; এনরোলমেন্টের সময় পাসপোর্ট অফিসে ক্যাটাগরি অফিসিয়াল হিসেবে পরিবর্তন করা হয়। অফিসিয়াল পাসপোর্টের ক্ষেত্রে অ্যাপয়েন্টমেন্ট শিডিউল লাগে না এবং সরকারি পাসপোর্ট ৫ বছর মেয়াদের হয়।,সরকারি চাকরিজীবী ওয়েব পোর্টালে প্রথমে সাধারণ পাসপোর্ট হিসেবে আবেদন করেন এবং এনরোলমেন্টের সময় ক্যাটাগরি অফিসিয়াল হিসেবে পরিবর্তন করা হয়।,False,0.0,0.9083333333333333,0.5714285714285715,0.5714285714285715,0.3703703703703704,0.5357142857142857,0.8744947,0.8062436,0.83898336
passport_299,passport,সরকারি চাকরিজীবীর অফিসিয়াল পাসপোর্টে অ্যাপয়েন্টমেন্ট লাগে?,সরকারি চাকরিজীবীকে ওয়েব পোর্টালে আবেদন করার সময় সাধারণ পাসপোর্ট হিসেবে আবেদন করতে হবে; এনরোলমেন্টের সময় পাসপোর্ট অফিসে ক্যাটাগরি অফিসিয়াল হিসেবে পরিবর্তন করা হয়। অফিসিয়াল পাসপোর্টের ক্ষেত্রে অ্যাপয়েন্টমেন্ট শিডিউল লাগে না এবং সরকারি পাসপোর্ট ৫ বছর মেয়াদের হয়।,না।,False,0.0,1.0,0.052631578947368425,0.052631578947368425,0.0,0.052631578947368425,0.6849035,0.48486167,0.567778
passport_300,passport,সরকারি পাসপোর্ট কত বছরের হয়?,সরকারি চাকরিজীবীকে ওয়েব পোর্টালে আবেদন করার সময় সাধারণ পাসপোর্ট হিসেবে আবেদন করতে হবে; এনরোলমেন্টের সময় পাসপোর্ট অফিসে ক্যাটাগরি অফিসিয়াল হিসেবে পরিবর্তন করা হয়। অফিসিয়াল পাসপোর্টের ক্ষেত্রে অ্যাপয়েন্টমেন্ট শিডিউল লাগে না এবং সরকারি পাসপোর্ট ৫ বছর মেয়াদের হয়।,সরকারি পাসপোর্ট ৫ বছর মেয়াদের হয়।,False,0.0,1.0,0.27906976744186046,0.27906976744186046,0.24390243902439027,0.27906976744186046,0.8874531,0.6770967,0.7681335
passport_301,passport,সরকারি পাসপোর্ট করতে শুরুতে কোন ক্যাটাগরি সিলেক্ট করব?,সরকারি চাকরিজীবীকে ওয়েব পোর্টালে আবেদন করার সময় সাধারণ পাসপোর্ট হিসেবে আবেদন করতে হবে; এনরোলমেন্টের সময় পাসপোর্ট অফিসে ক্যাটাগরি অফিসিয়াল হিসেবে পরিবর্তন করা হয়। অফিসিয়াল পাসপোর্টের ক্ষেত্রে অ্যাপয়েন্টমেন্ট শিডিউল লাগে না এবং সরকারি পাসপোর্ট ৫ বছর মেয়াদের হয়।,সাধারণ পাসপোর্ট,False,0.0,1.0,0.10256410256410257,0.10256410256410257,0.05405405405405406,0.10256410256410257,0.78942573,0.6192939,0.6940864
passport_309,passport,"পূর্বের ই-পাসপোর্ট নম্বর মনে নেই, কীভাবে পাব?",পূর্ববর্তী ই-পাসপোর্ট নম্বর না জানলে প্রয়োজনীয় তথ্যের জন্য নির্ধারিত পাসপোর্ট অফিসে যোগাযোগ করুন। পূর্ববর্তী ই-পাসপোর্ট নম্বর সংগ্রহের জন্য এনআইডি ও বিআরসি নিয়ে যেতে বলা হয়েছে।,পূর্ববর্তী ই-পাসপোর্ট নম্বর না জানলে প্রয়োজনীয় তথ্যের জন্য নির্ধারিত পাসপোর্ট অফিসে যোগাযোগ করুন। পূর্ববর্তী ই-পাসপোর্ট নম্বর সংগ্রহের জন্য এনআইডি ও বিআরসি নিয়ে যেতে বলা হয়েছে।,False,1.0,1.0,1.0,1.0,1.0,1.0,1.0,1.0,1.0
passport_310,passport,হারানো ই-পাসপোর্ট নম্বর পেতে কী নিয়ে যাব?,পূর্ববর্তী ই-পাসপোর্ট নম্বর না জানলে প্রয়োজনীয় তথ্যের জন্য নির্ধারিত পাসপোর্ট অফিসে যোগাযোগ করুন। পূর্ববর্তী ই-পাসপোর্ট নম্বর সংগ্রহের জন্য এনআইডি ও বিআরসি নিয়ে যেতে বলা হয়েছে।,পূর্ববর্তী ই-পাসপোর্ট নম্বর না জানলে প্রয়োজনীয় তথ্যের জন্য নির্ধারিত পাসপোর্ট অফিসে যোগাযোগ করুন।,False,0.0,1.0,0.6829268292682926,0.6829268292682926,0.6666666666666666,0.6829268292682926,0.94772553,0.86345273,0.9036286
passport_073,passport,ই-পাসপোর্টে ছবি নিয়ে যেতে হবে?,সাধারণ আবেদনকারীর আলাদা ছবি নিয়ে যাওয়ার দরকার নেই; পাসপোর্ট অফিসে এনরোলমেন্টের সময় ডিজিটাল ক্যামেরায় ছবি তোলা হয়। তবে ৬ বছরের কম শিশুর ক্ষেত্রে ৩আর সাইজের ছবি লাগতে পারে এবং ১৫ বছরের কম আবেদনকারীর ক্ষেত্রে পিতা-মাতার ছবি দাখিলের নির্দেশনা আছে।,সাধারণ আবেদনকারীর আলাদা ছবি নিয়ে যাওয়ার দরকার নেই; পাসপোর্ট অফিসে এনরোলমেন্টের সময় ডিজিটাল ক্যামেরায় ছবি তোলা হয়। তবে ৬ বছরের কম শিশুর ক্ষেত্রে ৩আর সাইজের ছবি লাগতে পারে এবং ১৫ বছরের কম আবেদনকারীর ক্ষেত্রে পিতা-মাতার ছবি দাখিলের নির্দেশনা আছে।,False,1.0,1.0,1.0,1.0,1.0,1.0,1.0,1.0,1.0
passport_074,passport,এনরোলমেন্টে ছবি কীভাবে তোলা হয়?,সাধারণ আবেদনকারীর আলাদা ছবি নিয়ে যাওয়ার দরকার নেই; পাসপোর্ট অফিসে এনরোলমেন্টের সময় ডিজিটাল ক্যামেরায় ছবি তোলা হয়। তবে ৬ বছরের কম শিশুর ক্ষেত্রে ৩আর সাইজের ছবি লাগতে পারে এবং ১৫ বছরের কম আবেদনকারীর ক্ষেত্রে পিতা-মাতার ছবি দাখিলের নির্দেশনা আছে।,এনরোলমেন্টের সময় পাসপোর্ট অফিসে ডিজিটাল ক্যামেরায় ছবি তোলা হয়।,False,0.0,1.0,0.36734693877551017,0.36734693877551017,0.25531914893617025,0.2857142857142857,0.90892315,0.73112774,0.81038815
passport_075,passport,ছবি কি অনলাইনে আপলোড করতে হবে?,সাধারণ আবেদনকারীর আলাদা ছবি নিয়ে যাওয়ার দরকার নেই; পাসপোর্ট অফিসে এনরোলমেন্টের সময় ডিজিটাল ক্যামেরায় ছবি তোলা হয়। তবে ৬ বছরের কম শিশুর ক্ষেত্রে ৩আর সাইজের ছবি লাগতে পারে এবং ১৫ বছরের কম আবেদনকারীর ক্ষেত্রে পিতা-মাতার ছবি দাখিলের নির্দেশনা আছে।,"সাধারণত না, পাসপোর্ট অফিসে এনরোলমেন্টের সময় ডিজিটাল ক্যামেরায় ছবি তোলা হয়।",False,0.0,0.9208633093525179,0.35294117647058826,0.35294117647058826,0.326530612244898,0.35294117647058826,0.92029345,0.75407374,0.828933
passport_076,passport,পনের বছরের কম শিশুর আবেদনে পিতা-মাতার ছবি লাগে?,সাধারণ আবেদনকারীর আলাদা ছবি নিয়ে যাওয়ার দরকার নেই; পাসপোর্ট অফিসে এনরোলমেন্টের সময় ডিজিটাল ক্যামেরায় ছবি তোলা হয়। তবে ৬ বছরের কম শিশুর ক্ষেত্রে ৩আর সাইজের ছবি লাগতে পারে এবং ১৫ বছরের কম আবেদনকারীর ক্ষেত্রে পিতা-মাতার ছবি দাখিলের নির্দেশনা আছে।,"হ্যাঁ, পিতা-মাতার ছবি লাগতে পারে।",False,0.0,0.8928571428571429,0.21739130434782608,0.21739130434782608,0.18181818181818182,0.13043478260869565,0.8093466,0.65066534,0.7213828
passport_077,passport,পাসপোর্টের জন্য ছবি সত্যায়ন লাগে?,সাধারণ আবেদনকারীর আলাদা ছবি নিয়ে যাওয়ার দরকার নেই; পাসপোর্ট অফিসে এনরোলমেন্টের সময় ডিজিটাল ক্যামেরায় ছবি তোলা হয়। তবে ৬ বছরের কম শিশুর ক্ষেত্রে ৩আর সাইজের ছবি লাগতে পারে এবং ১৫ বছরের কম আবেদনকারীর ক্ষেত্রে পিতা-মাতার ছবি দাখিলের নির্দেশনা আছে।,"সাধারণ আবেদনকারীর ক্ষেত্রে আলাদা ছবি সংযুক্ত বা সত্যায়ন করতে হয় না, কারণ পাসপোর্ট অফিসে এনরোলমেন্টের সময় ছবি তোলা হয়।",False,0.0,0.8253968253968255,0.4067796610169491,0.4067796610169491,0.2807017543859649,0.37288135593220345,0.8679694,0.7767583,0.8198347
passport_079,passport,শিশুর পাসপোর্টে ছবি লাগে কি?,সাধারণ আবেদনকারীর আলাদা ছবি নিয়ে যাওয়ার দরকার নেই; পাসপোর্ট অফিসে এনরোলমেন্টের সময় ডিজিটাল ক্যামেরায় ছবি তোলা হয়। তবে ৬ বছরের কম শিশুর ক্ষেত্রে ৩আর সাইজের ছবি লাগতে পারে এবং ১৫ বছরের কম আবেদনকারীর ক্ষেত্রে পিতা-মাতার ছবি দাখিলের নির্দেশনা আছে।,শিশুর পাসপোর্টের জন্য আবেদন করার আগে সংশ্লিষ্ট পাসপোর্ট অফিস বা অফিসিয়াল চেকলিস্ট থেকে সর্বশেষ নির্দেশনা যাচাই করা উচিত।,False,0.0,0.46296296296296297,0.10344827586206896,0.10344827586206896,0.0,0.06896551724137932,0.75989926,0.70797086,0.7330165
passport_080,passport,সাদা পোশাক পরে ছবি তুলতে পারব?,সাধারণ আবেদনকারীর আলাদা ছবি নিয়ে যাওয়ার দরকার নেই; পাসপোর্ট অফিসে এনরোলমেন্টের সময় ডিজিটাল ক্যামেরায় ছবি তোলা হয়। তবে ৬ বছরের কম শিশুর ক্ষেত্রে ৩আর সাইজের ছবি লাগতে পারে এবং ১৫ বছরের কম আবেদনকারীর ক্ষেত্রে পিতা-মাতার ছবি দাখিলের নির্দেশনা আছে।,সাদা পোশাক পরে ছবি তোলা ভালো হতে পারে।,False,0.0,0.52,0.12499999999999999,0.12499999999999999,0.043478260869565216,0.12499999999999999,0.7415371,0.65430766,0.6951968
passport_081,passport,৬ বছরের কম বাচ্চার জন্য ছবি কী লাগবে?,সাধারণ আবেদনকারীর আলাদা ছবি নিয়ে যাওয়ার দরকার নেই; পাসপোর্ট অফিসে এনরোলমেন্টের সময় ডিজিটাল ক্যামেরায় ছবি তোলা হয়। তবে ৬ বছরের কম শিশুর ক্ষেত্রে ৩আর সাইজের ছবি লাগতে পারে এবং ১৫ বছরের কম আবেদনকারীর ক্ষেত্রে পিতা-মাতার ছবি দাখিলের নির্দেশনা আছে।,৩ আর সাইজের ছবি লাগবে।,False,0.0,0.6451612903225806,0.0888888888888889,0.0888888888888889,0.04651162790697674,0.0888888888888889,0.7989876,0.6512766,0.7176099
passport_122,passport,আগের পাসপোর্টের তথ্যের সাথে নতুন তথ্য না মিললে কী করব?,"বর্তমান ঠিকানা, পেশা, জরুরি যোগাযোগ বা বৈবাহিক অবস্থা পরিবর্তন হলে নতুন তথ্য দিয়ে আবেদন করতে হবে। পেশা পরিবর্তনে পেশাগত সনদ বা স্টুডেন্ট আইডি, বৈবাহিক অবস্থায় বিবাহ সনদ, আর নাম/জন্মতারিখ/জন্মস্থান/পিতা-মাতার নাম পরিবর্তনে এনআইডি বা বিআরসি, পূর্ববর্তী পাসপোর্ট এবং প্রয়োজনীয় সহায়ক কাগজপত্র লাগতে পারে। এতে প্রসেসিং সময় বেশি লাগতে পারে।","বর্তমান ঠিকানা, পেশা, জরুরি যোগাযোগ বা বৈবাহিক অবস্থা পরিবর্তন হলে নতুন তথ্য দিয়ে আবেদন করতে হবে। পেশা পরিবর্তনে পেশাগত সনদ বা স্টুডেন্ট আইডি, বৈবাহিক অবস্থায় বিবাহ সনদ, আর নাম/জন্মতারিখ/জন্মস্থান/পিতা-মাতার নাম পরিবর্তনে এনআইডি বা বিআরসি, পূর্ববর্তী পাসপোর্ট এবং প্রয়োজনীয় সহায়ক কাগজপত্র লাগতে পারে।",False,0.0,1.0,0.9387755102040816,0.9387755102040816,0.9375,0.9387755102040816,0.9935929,0.97407854,0.98373896
passport_123,passport,ঠিকানা বদলালে কীভাবে আবেদন করব?,"বর্তমান ঠিকানা, পেশা, জরুরি যোগাযোগ বা বৈবাহিক অবস্থা পরিবর্তন হলে নতুন তথ্য দিয়ে আবেদন করতে হবে। পেশা পরিবর্তনে পেশাগত সনদ বা স্টুডেন্ট আইডি, বৈবাহিক অবস্থায় বিবাহ সনদ, আর নাম/জন্মতারিখ/জন্মস্থান/পিতা-মাতার নাম পরিবর্তনে এনআইডি বা বিআরসি, পূর্ববর্তী পাসপোর্ট এবং প্রয়োজনীয় সহায়ক কাগজপত্র লাগতে পারে। এতে প্রসেসিং সময় বেশি লাগতে পারে।","বর্তমান ঠিকানা, পেশা, জরুরি যোগাযোগ বা বৈবাহিক অবস্থা পরিবর্তন হলে নতুন তথ্য দিয়ে আবেদন করতে হবে। পেশা পরিবর্তনে পেশাগত সনদ বা স্টুডেন্ট আইডি, বৈবাহিক অবস্থায় বিবাহ সনদ, আর নাম/জন্মতারিখ/জন্মস্থান/পিতা-মাতার নাম পরিবর্তনে এনআইডি বা বিআরসি, পূর্ববর্তী পাসপোর্ট এবং প্রয়োজনীয় সহায়ক কাগজপত্র লাগতে পারে।",False,0.0,1.0,0.9387755102040816,0.9387755102040816,0.9375,0.9387755102040816,0.9935929,0.97407854,0.98373896
passport_124,passport,তথ্য পরিবর্তনে পাসপোর্ট দেরি হতে পারে?,"বর্তমান ঠিকানা, পেশা, জরুরি যোগাযোগ বা বৈবাহিক অবস্থা পরিবর্তন হলে নতুন তথ্য দিয়ে আবেদন করতে হবে। পেশা পরিবর্তনে পেশাগত সনদ বা স্টুডেন্ট আইডি, বৈবাহিক অবস্থায় বিবাহ সনদ, আর নাম/জন্মতারিখ/জন্মস্থান/পিতা-মাতার নাম পরিবর্তনে এনআইডি বা বিআরসি, পূর্ববর্তী পাসপোর্ট এবং প্রয়োজনীয় সহায়ক কাগজপত্র লাগতে পারে। এতে প্রসেসিং সময় বেশি লাগতে পারে।",পাসপোর্ট আবেদনে পুলিশ ভেরিফিকেশন বা নিরাপত্তা যাচাই প্রযোজ্য হলে ডেলিভারি সময় প্রভাবিত হতে পারে।,False,0.0,0.4132231404958678,0.15151515151515152,0.15151515151515152,0.0,0.12121212121212123,0.7277041,0.6532704,0.68848133
passport_125,passport,নাম বা জন্মতারিখ পরিবর্তন করলে কী হবে?,"বর্তমান ঠিকানা, পেশা, জরুরি যোগাযোগ বা বৈবাহিক অবস্থা পরিবর্তন হলে নতুন তথ্য দিয়ে আবেদন করতে হবে। পেশা পরিবর্তনে পেশাগত সনদ বা স্টুডেন্ট আইডি, বৈবাহিক অবস্থায় বিবাহ সনদ, আর নাম/জন্মতারিখ/জন্মস্থান/পিতা-মাতার নাম পরিবর্তনে এনআইডি বা বিআরসি, পূর্ববর্তী পাসপোর্ট এবং প্রয়োজনীয় সহায়ক কাগজপত্র লাগতে পারে। এতে প্রসেসিং সময় বেশি লাগতে পারে।","বাংলাদেশের অভ্যন্তরে নাম, জন্মতারিখ, পিতা-মাতার নাম, ঠিকানা বা অন্যান্য তথ্য পরিবর্তন হলে সংশোধিত প্রমাণপত্র, অঙ্গীকারনামা বা প্রয়োজনীয় নথি জমা দিতে হতে পারে।",False,0.0,0.6359447004608295,0.3466666666666667,0.3466666666666667,0.10958904109589042,0.21333333333333332,0.77245283,0.6977618,0.73321
passport_126,passport,পাসপোর্টে পেশা পরিবর্তন করতে কী লাগবে?,"বর্তমান ঠিকানা, পেশা, জরুরি যোগাযোগ বা বৈবাহিক অবস্থা পরিবর্তন হলে নতুন তথ্য দিয়ে আবেদন করতে হবে। পেশা পরিবর্তনে পেশাগত সনদ বা স্টুডেন্ট আইডি, বৈবাহিক অবস্থায় বিবাহ সনদ, আর নাম/জন্মতারিখ/জন্মস্থান/পিতা-মাতার নাম পরিবর্তনে এনআইডি বা বিআরসি, পূর্ববর্তী পাসপোর্ট এবং প্রয়োজনীয় সহায়ক কাগজপত্র লাগতে পারে। এতে প্রসেসিং সময় বেশি লাগতে পারে।",পেশা পরিবর্তনের ক্ষেত্রে পেশাগত সনদ বা স্টুডেন্ট আইডি প্রয়োজন।,False,0.0,0.6947368421052631,0.19672131147540986,0.19672131147540986,0.13559322033898305,0.19672131147540986,0.8461246,0.69382083,0.76244116
passport_127,passport,পেশা আর বৈবাহিক অবস্থা পরিবর্তনের প্রমাণ কী?,"বর্তমান ঠিকানা, পেশা, জরুরি যোগাযোগ বা বৈবাহিক অবস্থা পরিবর্তন হলে নতুন তথ্য দিয়ে আবেদন করতে হবে। পেশা পরিবর্তনে পেশাগত সনদ বা স্টুডেন্ট আইডি, বৈবাহিক অবস্থায় বিবাহ সনদ, আর নাম/জন্মতারিখ/জন্মস্থান/পিতা-মাতার নাম পরিবর্তনে এনআইডি বা বিআরসি, পূর্ববর্তী পাসপোর্ট এবং প্রয়োজনীয় সহায়ক কাগজপত্র লাগতে পারে। এতে প্রসেসিং সময় বেশি লাগতে পারে।",পেশা পরিবর্তনের ক্ষেত্রে পেশাগত সনদ বা স্টুডেন্ট আইডি এবং বৈবাহিক অবস্থায় বিবাহ সনদ প্রয়োজন।,False,0.0,0.8053691275167785,0.3333333333333333,0.3333333333333333,0.21875,0.30303030303030304,0.8683794,0.7323114,0.7945621
passport_128,passport,বৈবাহিক অবস্থা বদলালে কী কাগজ দেব?,"বর্তমান ঠিকানা, পেশা, জরুরি যোগাযোগ বা বৈবাহিক অবস্থা পরিবর্তন হলে নতুন তথ্য দিয়ে আবেদন করতে হবে। পেশা পরিবর্তনে পেশাগত সনদ বা স্টুডেন্ট আইডি, বৈবাহিক অবস্থায় বিবাহ সনদ, আর নাম/জন্মতারিখ/জন্মস্থান/পিতা-মাতার নাম পরিবর্তনে এনআইডি বা বিআরসি, পূর্ববর্তী পাসপোর্ট এবং প্রয়োজনীয় সহায়ক কাগজপত্র লাগতে পারে। এতে প্রসেসিং সময় বেশি লাগতে পারে।","বিবাহিত হলে বিবাহ সনদ ও স্বামী/স্ত্রীর এনআইডি, বিবাহিত হওয়ার প্রমাণ হিসেবে বিবাহের প্রমাণপত্র লাগতে পারে।",False,0.0,0.4881889763779527,0.1764705882352941,0.1764705882352941,0.0606060606060606,0.1764705882352941,0.7733458,0.69566077,0.73244923
passport_129,passport,স্পাউস তথ্য বদলালে কী লাগবে?,"বর্তমান ঠিকানা, পেশা, জরুরি যোগাযোগ বা বৈবাহিক অবস্থা পরিবর্তন হলে নতুন তথ্য দিয়ে আবেদন করতে হবে। পেশা পরিবর্তনে পেশাগত সনদ বা স্টুডেন্ট আইডি, বৈবাহিক অবস্থায় বিবাহ সনদ, আর নাম/জন্মতারিখ/জন্মস্থান/পিতা-মাতার নাম পরিবর্তনে এনআইডি বা বিআরসি, পূর্ববর্তী পাসপোর্ট এবং প্রয়োজনীয় সহায়ক কাগজপত্র লাগতে পারে। এতে প্রসেসিং সময় বেশি লাগতে পারে।","বিবাহিত হলে স্বামী বা স্ত্রীর এনআইডি বা পাসপোর্ট নম্বর, বিবাহ সনদ বা বিবাহিত হওয়ার প্রমাণপত্র প্রয়োজন হতে পারে।",False,0.0,0.5522388059701493,0.2571428571428571,0.2571428571428571,0.08823529411764706,0.17142857142857146,0.7687859,0.70767695,0.73696685
passport_163,passport,দেশের ভিতরে ৪৮ পৃষ্ঠা ৫ বছর পাসপোর্টের সুপার এক্সপ্রেস চার্জ কত?,"বাংলাদেশের অভ্যন্তরে ৪৮ পৃষ্ঠা ও ৫ বছর মেয়াদের ই-পাসপোর্টের সুপার এক্সপ্রেস ডেলিভারি ফি ১৫% ভ্যাটসহ ৮,৬২৫ টাকা।","১৫% ভ্যাটসহ ৮,৬২৫ টাকা।",False,0.0,1.0,0.4166666666666667,0.4166666666666667,0.3636363636363636,0.4166666666666667,0.8918091,0.7194049,0.79638314
passport_194,passport,বাংলাদেশে ৪৮ পৃষ্ঠা ৫ বছর সুপার এক্সপ্রেস পাসপোর্ট ফি কত?,"বাংলাদেশের অভ্যন্তরে ৪৮ পৃষ্ঠা ও ৫ বছর মেয়াদের ই-পাসপোর্টের সুপার এক্সপ্রেস ডেলিভারি ফি ১৫% ভ্যাটসহ ৮,৬২৫ টাকা।","১৫% ভ্যাটসহ ৮,৬২৫ টাকা।",False,0.0,1.0,0.4166666666666667,0.4166666666666667,0.3636363636363636,0.4166666666666667,0.8918091,0.7194049,0.79638314
passport_232,passport,সুপার এক্সপ্রেস ৪৮ পৃষ্ঠা ৫ বছর ই-পাসপোর্টে কত টাকা লাগে?,"বাংলাদেশের অভ্যন্তরে ৪৮ পৃষ্ঠা ও ৫ বছর মেয়াদের ই-পাসপোর্টের সুপার এক্সপ্রেস ডেলিভারি ফি ১৫% ভ্যাটসহ ৮,৬২৫ টাকা।","১৫% ভ্যাটসহ ৮,৬২৫ টাকা।",False,0.0,1.0,0.4166666666666667,0.4166666666666667,0.3636363636363636,0.4166666666666667,0.8918091,0.7194049,0.79638314
passport_248,passport,৪৮ পৃষ্ঠা ৫ বছর সুপার এক্সপ্রেস ডেলিভারির ফি জানতে চাই।,"বাংলাদেশের অভ্যন্তরে ৪৮ পৃষ্ঠা ও ৫ বছর মেয়াদের ই-পাসপোর্টের সুপার এক্সপ্রেস ডেলিভারি ফি ১৫% ভ্যাটসহ ৮,৬২৫ টাকা।","১৫% ভ্যাটসহ ৮,৬২৫ টাকা।",False,0.0,1.0,0.4166666666666667,0.4166666666666667,0.3636363636363636,0.4166666666666667,0.8918091,0.7194049,0.79638314
passport_155,passport,এক্সপ্রেস ৪৮ পৃষ্ঠা ৫ বছর ই-পাসপোর্টে কত টাকা লাগে?,"বাংলাদেশের অভ্যন্তরে ৪৮ পৃষ্ঠা ও ৫ বছর মেয়াদের ই-পাসপোর্টের এক্সপ্রেস ডেলিভারি ফি ১৫% ভ্যাটসহ ৬,৩২৫ টাকা।","১৫% ভ্যাটসহ ৬,৩২৫ টাকা।",False,0.0,1.0,0.4347826086956522,0.4347826086956522,0.38095238095238093,0.4347826086956522,0.8977567,0.7224698,0.8006314
passport_161,passport,দেশের ভিতরে ৪৮ পৃষ্ঠা ৫ বছর পাসপোর্টের এক্সপ্রেস চার্জ কত?,"বাংলাদেশের অভ্যন্তরে ৪৮ পৃষ্ঠা ও ৫ বছর মেয়াদের ই-পাসপোর্টের এক্সপ্রেস ডেলিভারি ফি ১৫% ভ্যাটসহ ৬,৩২৫ টাকা।","১৫% ভ্যাটসহ ৬,৩২৫ টাকা।",False,0.0,1.0,0.4347826086956522,0.4347826086956522,0.38095238095238093,0.4347826086956522,0.8977567,0.7224698,0.8006314
passport_192,passport,বাংলাদেশে ৪৮ পৃষ্ঠা ৫ বছর এক্সপ্রেস পাসপোর্ট ফি কত?,"বাংলাদেশের অভ্যন্তরে ৪৮ পৃষ্ঠা ও ৫ বছর মেয়াদের ই-পাসপোর্টের এক্সপ্রেস ডেলিভারি ফি ১৫% ভ্যাটসহ ৬,৩২৫ টাকা।","১৫% ভ্যাটসহ ৬,৩২৫ টাকা।",False,0.0,1.0,0.4347826086956522,0.4347826086956522,0.38095238095238093,0.4347826086956522,0.8977567,0.7224698,0.8006314
passport_246,passport,৪৮ পৃষ্ঠা ৫ বছর এক্সপ্রেস ডেলিভারির ফি জানতে চাই।,"বাংলাদেশের অভ্যন্তরে ৪৮ পৃষ্ঠা ও ৫ বছর মেয়াদের ই-পাসপোর্টের এক্সপ্রেস ডেলিভারি ফি ১৫% ভ্যাটসহ ৬,৩২৫ টাকা।","১৫% ভ্যাটসহ ৬,৩২৫ টাকা।",False,0.0,1.0,0.4347826086956522,0.4347826086956522,0.38095238095238093,0.4347826086956522,0.8977567,0.7224698,0.8006314
passport_166,passport,দেশের ভিতরে ৬৪ পৃষ্ঠা ১০ বছর পাসপোর্টের সুপার এক্সপ্রেস চার্জ কত?,"বাংলাদেশের অভ্যন্তরে ৬৪ পৃষ্ঠা ও ১০ বছর মেয়াদের ই-পাসপোর্টের সুপার এক্সপ্রেস ডেলিভারি ফি ১৫% ভ্যাটসহ ১৩,৮০০ টাকা।","১৩,৮০০ টাকা।",False,0.0,1.0,0.2727272727272727,0.2727272727272727,0.19999999999999998,0.2727272727272727,0.8450148,0.6043158,0.7046782
passport_197,passport,বাংলাদেশে ৬৪ পৃষ্ঠা ১০ বছর সুপার এক্সপ্রেস পাসপোর্ট ফি কত?,"বাংলাদেশের অভ্যন্তরে ৬৪ পৃষ্ঠা ও ১০ বছর মেয়াদের ই-পাসপোর্টের সুপার এক্সপ্রেস ডেলিভারি ফি ১৫% ভ্যাটসহ ১৩,৮০০ টাকা।","১৫% ভ্যাটসহ ১৩,৮০০ টাকা।",False,0.0,1.0,0.4166666666666667,0.4166666666666667,0.3636363636363636,0.4166666666666667,0.8937234,0.717614,0.7960448
passport_233,passport,সুপার এক্সপ্রেস ৬৪ পৃষ্ঠা ১০ বছর ই-পাসপোর্টে কত টাকা লাগে?,"বাংলাদেশের অভ্যন্তরে ৬৪ পৃষ্ঠা ও ১০ বছর মেয়াদের ই-পাসপোর্টের সুপার এক্সপ্রেস ডেলিভারি ফি ১৫% ভ্যাটসহ ১৩,৮০০ টাকা।","১৫% ভ্যাটসহ ১৩,৮০০ টাকা।",False,0.0,1.0,0.4166666666666667,0.4166666666666667,0.3636363636363636,0.4166666666666667,0.8937234,0.717614,0.7960448
passport_251,passport,৬৪ পৃষ্ঠা ১০ বছর সুপার এক্সপ্রেস ডেলিভারির ফি জানতে চাই।,"বাংলাদেশের অভ্যন্তরে ৬৪ পৃষ্ঠা ও ১০ বছর মেয়াদের ই-পাসপোর্টের সুপার এক্সপ্রেস ডেলিভারি ফি ১৫% ভ্যাটসহ ১৩,৮০০ টাকা।","১৩,৮০০ টাকা।",False,0.0,1.0,0.2727272727272727,0.2727272727272727,0.19999999999999998,0.2727272727272727,0.8450148,0.6043158,0.7046782
passport_026,passport,Passport e printing bhul thakle ki korbo?,১ মাসের মধ্যে পাসপোর্ট অফিসে জানাতে হবে।,পাসপোর্ট অফিসে যোগাযোগ করে সংশোধনের আবেদন করতে হবে।,False,0.0,0.6516853932584269,0.39999999999999997,0.39999999999999997,0.15384615384615383,0.39999999999999997,0.79375136,0.8389219,0.8157118
passport_131,passport,আমার পাসপোর্ট ঠিক কোন তারিখে আসবে বলুন।,আমি আপনার ব্যক্তিগত আবেদনের নির্দিষ্ট ডেলিভারি তারিখ দেখতে পারি না। অ্যাপ্লিকেশন আইডি বা অনলাইন রেজিস্ট্রেশন আইডি দিয়ে পোর্টালে স্ট্যাটাস চেক করুন।,আমি আপনার ব্যক্তিগত আবেদনের নির্দিষ্ট ডেলিভারি তারিখ দেখতে পারি না। অ্যাপ্লিকেশন আইডি বা অনলাইন রেজিস্ট্রেশন আইডি দিয়ে পোর্টালে স্ট্যাটাস চেক করুন।,False,1.0,1.0,1.0,1.0,1.0,1.0,1.0,1.0,1.0
passport_277,passport,পাসপোর্ট এক্সপায়ার হলে জরিমানা দিতে হয়?,পাসপোর্টের মেয়াদ শেষ হলে আলাদা কোনো জরিমানা দিতে হয় না। রি-ইস্যু বা রিনিউ করার ক্ষেত্রে সরকার নির্ধারিত ফি দিতে হবে।,পাসপোর্ট এক্সপায়ার হলে নতুন পাসপোর্ট বা রি-ইস্যুর জন্য সরকার নির্ধারিত ফি দিতে হবে।,False,0.0,0.6702702702702703,0.4571428571428571,0.4571428571428571,0.24242424242424246,0.4,0.8743988,0.8267954,0.84993106
passport_137,passport,অফলাইন পেমেন্ট করলে কোন স্লিপ লাগবে?,অফলাইন পেমেন্ট করলে এ-চালানের পেমেন্ট স্লিপ বা চালান রশিদ এনরোলমেন্টের সময় সঙ্গে রাখতে হবে।,অফলাইন পেমেন্ট করলে এ-চালানের পেমেন্ট স্লিপ বা চালান রশিদ এনরোলমেন্টের সময় সঙ্গে রাখতে হবে।,False,1.0,1.0,1.0,1.0,1.0,1.0,1.0000001,1.0000001,1.0000001
passport_105,passport,মাল্টিপল অ্যাকটিভ পাসপোর্ট থাকলে কী করতে হবে?,চেকলিস্ট অনুযায়ী মাল্টিপল অ্যাকটিভ পাসপোর্টের ক্ষেত্রে নির্ধারিত ফরম্যাটে পূরণকৃত অঙ্গীকারনামা লাগতে পারে।,চেকলিস্ট অনুযায়ী মাল্টিপল অ্যাকটিভ পাসপোর্টের ক্ষেত্রে নির্ধারিত ফরম্যাটে পূরণকৃত অঙ্গীকারনামা লাগতে পারে।,False,1.0,1.0,1.0,1.0,1.0,1.0,1.0,1.0,1.0
passport_030,passport,বাংলাদেশের অভ্যন্তরে ৪৮ পৃষ্ঠা ও ৫ বছর মেয়াদী পাসপোর্টের অতীব জরুরী ফি কত?,"৮,৬২৫ টাকা।","৮,৬২৫ টাকা।",False,1.0,1.0,1.0,1.0,1.0,1.0,0.9999999,0.9999999,0.9999999
passport_033,passport,বাংলাদেশের অভ্যন্তরে ৬৪ পৃষ্ঠা ও ৫ বছর মেয়াদী পাসপোর্টের এক্সপ্রেস ফি কত?,"৮,৬২৫ টাকা।","১৫% ভ্যাটসহ ৮,৬২৫ টাকা।",False,0.0,1.0,0.7499999999999999,0.7499999999999999,0.6666666666666666,0.7499999999999999,0.7731934,0.8900711,0.8275258
passport_028,passport,Ekti mobile number diye ki multiple account khola jay?,"না, একটি নম্বর দিয়ে একটি অ্যাকাউন্টই খোলা যাবে।",না।,False,0.0,1.0,0.2222222222222222,0.2222222222222222,0.0,0.2222222222222222,0.7871214,0.6094383,0.6869766
passport_012,passport,Ami jodi nije passport collect korte na pari tobe ki onno keu parbe?,"হ্যাঁ, অনুমোদিত প্রতিনিধি পাসপোর্ট নিতে পারবে। তার কাছে আবেদনকারীর ডেলিভারি স্লিপ, নিজের NID এবং Authorization Letter থাকতে হবে।",অনুমোদিত প্রতিনিধি পাসপোর্ট নিতে পারবে।,False,0.0,1.0,0.4347826086956522,0.4347826086956522,0.38095238095238093,0.4347826086956522,0.917672,0.7678262,0.83608824
passport_004,passport,"Amar boyos 21 kintu NID nai, ami ki BRC diye e-passport korte parbo?","না, কারণ ২০ বছরের বেশি বয়সী নাগরিকদের জন্য ই-পাসপোর্ট আবেদনে জাতীয় পরিচয়পত্র (NID) প্রদান করা বাধ্যতামূলক।",না। দেশের অভ্যন্তরে ২০ বছরের বেশি বয়সী নাগরিকের জন্য এনআইডি আবশ্যক।,False,0.0,0.5806451612903225,0.42857142857142855,0.42857142857142855,0.23076923076923075,0.42857142857142855,0.7905952,0.7394572,0.7641716
passport_005,passport,১৮ বছরের কম বয়সীদের পাসপোর্টের মেয়াদ ও পৃষ্ঠার সংখ্যা কত হবে?,১৮ বছরের কম বয়সী সকল আবেদনকারীর ই-পাসপোর্টের মেয়াদ হবে ৫ বছর এবং এটি অবশ্যই ৪৮ পৃষ্ঠার হবে।,৫ বছর এবং ৪৮ পৃষ্ঠা।,False,0.0,0.7741935483870968,0.3478260869565218,0.3478260869565218,0.19047619047619047,0.3478260869565218,0.76393205,0.60611403,0.6759333
passport_184,passport,বাংলাদেশ মিশনে ৪৮ পৃষ্ঠা ৫ বছর রেগুলার ফি কত?,বিদেশস্থ বাংলাদেশ মিশনে সাধারণ আবেদনকারীর জন্য ৪৮ পৃষ্ঠা ও ৫ বছর মেয়াদের ই-পাসপোর্টের রেগুলার ডেলিভারি ফি ১০০ মার্কিন ডলার।,১০০ মার্কিন ডলার।,False,0.0,1.0,0.2608695652173913,0.2608695652173913,0.1904761904761905,0.2608695652173913,0.8117284,0.60134786,0.69087726
passport_204,passport,বিদেশ থেকে ৪৮ পৃষ্ঠা ৫ বছর রেগুলার ই-পাসপোর্টে কত ডলার লাগে?,বিদেশস্থ বাংলাদেশ মিশনে সাধারণ আবেদনকারীর জন্য ৪৮ পৃষ্ঠা ও ৫ বছর মেয়াদের ই-পাসপোর্টের রেগুলার ডেলিভারি ফি ১০০ মার্কিন ডলার।,৩০ মার্কিন ডলার।,False,0.0,0.8888888888888888,0.1739130434782609,0.1739130434782609,0.09523809523809525,0.1739130434782609,0.8000223,0.5924674,0.68077654
passport_222,passport,বিদেশে সাধারণ আবেদনকারীর ৪৮ পৃষ্ঠা ৫ বছর রেগুলার পাসপোর্ট ফি কত?,বিদেশস্থ বাংলাদেশ মিশনে সাধারণ আবেদনকারীর জন্য ৪৮ পৃষ্ঠা ও ৫ বছর মেয়াদের ই-পাসপোর্টের রেগুলার ডেলিভারি ফি ১০০ মার্কিন ডলার।,১০০ মার্কিন ডলার।,False,0.0,1.0,0.2608695652173913,0.2608695652173913,0.1904761904761905,0.2608695652173913,0.8117284,0.60134786,0.69087726
passport_023,passport,Delivery slip harale ki korbo?,"Print summary, NID এবং সম্ভব হলে slip copy নিয়ে পাসপোর্ট সংগ্রহ করা যাবে।","ডেলিভারি স্লিপ হারালে প্রিন্ট সামারি, NID এবং সম্ভব হলে স্লিপের কপি নিয়ে পাসপোর্ট অফিসে যোগাযোগ করতে হবে।",False,0.0,0.6153846153846154,0.4000000000000001,0.4000000000000001,0.28571428571428575,0.4000000000000001,0.77780515,0.8386505,0.80708265
passport_027,passport,Mobile e SMS na pele ki passport nite parbo?,"হ্যাঁ, ইমেইল থাকলে পাসপোর্ট সংগ্রহ করা যাবে।","হ্যাঁ, ইমেইল থাকলে পাসপোর্ট সংগ্রহ করা যাবে।",False,1.0,1.0,1.0,1.0,1.0,1.0,1.0000001,1.0000001,1.0000001
passport_039,passport,বিদেশের মিশন থেকে ৪৮ পৃষ্ঠা ও ১০ বছর মেয়াদী পাসপোর্টের এক্সপ্রেস ফি কত?,১৭৫ মার্কিন ডলার।,১৭৫ মার্কিন ডলার।,False,1.0,1.0,1.0,1.0,1.0,1.0,1.0,1.0,1.0
passport_042,passport,বিদেশের মিশন থেকে ৬৪ পৃষ্ঠা ও ১০ বছর মেয়াদী পাসপোর্টের নিয়মিত ফি কত?,১৭৫ মার্কিন ডলার।,১৭৫ মার্কিন ডলার।,False,1.0,1.0,1.0,1.0,1.0,1.0,1.0,1.0,1.0
passport_088,passport,দেশের ভেতরে জরুরি পাসপোর্টে পুলিশ ক্লিয়ারেন্স দিলে কত দিনে পাব?,দেশের অভ্যন্তরে জরুরি পাসপোর্টের আবেদনের সাথে পুলিশ ক্লিয়ারেন্স দাখিল করা হলে এবং অন্যান্য তথ্য সঠিক থাকলে ৭ কর্মদিবসের মধ্যে পাসপোর্ট প্রদান করা হয়।,৭ কর্মদিবসের মধ্যে,False,0.0,1.0,0.23076923076923078,0.23076923076923078,0.16666666666666669,0.23076923076923078,0.8499147,0.63812995,0.7289512
passport_103,passport,পূর্বের পাসপোর্ট আর এনআইডির তথ্য না মিললে কী দিতে হবে?,চেকলিস্ট অনুযায়ী পূর্বের পাসপোর্ট এবং এনআইডি বা বিআরসিতে তথ্য গরমিল থাকলে নির্ধারিত ফরম্যাটে পূরণকৃত অঙ্গীকারনামা লাগতে পারে।,চেকলিস্ট অনুযায়ী পূর্বের পাসপোর্ট এবং এনআইডি বা বিআরসিতে তথ্য গরমিল থাকলে নির্ধারিত ফরম্যাটে পূরণকৃত অঙ্গীকারনামা লাগতে পারে।,False,1.0,1.0,1.0,1.0,1.0,1.0,1.0000001,1.0000001,1.0000001
passport_130,passport,"আমার এনআইডি তথ্য ভুল, পাসপোর্টে অন্য তথ্য দিলে হবে?",পাসপোর্ট আবেদন এনআইডি বা বিআরসি অনুযায়ী করতে হবে। তথ্য ভুল হলে আগে সংশ্লিষ্ট কর্তৃপক্ষের মাধ্যমে সঠিক করার পর আবেদন করা নিরাপদ।,পাসপোর্ট আবেদন এনআইডি বা বিআরসি অনুযায়ী করতে হবে। তথ্য ভুল হলে আগে সংশ্লিষ্ট কর্তৃপক্ষের মাধ্যমে সঠিক করার পর আবেদন করা নিরাপদ।,False,1.0,1.0,1.0,1.0,1.0,1.0,0.99999994,0.99999994,0.99999994
passport_007,passport,সরকারি চাকরিজীবীরা নিয়মিত ফি জমা দিয়ে কি জরুরী সুবিধা পেতে পারেন?,"হ্যাঁ, সরকারি চাকরিজীবীরা যাদের অনাপত্তি সনদ (NOC) বা PRL Order আছে, তারা নিয়মিত ফি জমা দিয়েও জরুরী সুবিধা এবং জরুরী ফি জমা দিয়ে অতীব জরুরী সুবিধা পেতে পারেন।","হ্যাঁ, সরকারি চাকরিজীবীরা যাদের অনাপত্তি সনদ (NOC) বা PRL Order আছে, তারা নিয়মিত ফি জমা দিয়েও জরুরী সুবিধা এবং জরুরী ফি দিয়ে অতীব জরুরী সুবিধা পেতে পারেন।",False,0.0,1.0,0.9818181818181818,0.9818181818181818,0.9433962264150944,0.9818181818181818,0.9943472,0.9918225,0.9930833
passport_029,passport,বাংলাদেশের অভ্যন্তরে ৪৮ পৃষ্ঠা ও ৫ বছর মেয়াদী পাসপোর্টের এক্সপ্রেস ফি কত?,"৬,৩২৫ টাকা।","১৫% ভ্যাটসহ ৬,৩২৫ টাকা।",False,0.0,1.0,0.7499999999999999,0.7499999999999999,0.6666666666666666,0.7499999999999999,0.7716086,0.9016459,0.83157426
nid_003,nid,NID আবেদন করতে কী কী ডকুমেন্ট লাগে?,"প্রিন্টেড আবেদনপত্র, পাসপোর্ট সাইজ ছবি, ১৭ ডিজিটের জন্ম নিবন্ধন, পাসপোর্ট কপি এবং পিতামাতার NID বা জন্ম সনদ প্রয়োজন হতে পারে।","প্রিন্টেড আবেদনপত্র, পাসপোর্ট সাইজ ছবি, ১৭ ডিজিটের জন্ম নিবন্ধন, পাসপোর্ট কপি এবং পিতামাতার NID বা জন্ম সনদ প্রয়োজন হতে পারে।",False,1.0,1.0,1.0,1.0,1.0,1.0,0.9999999,0.9999999,0.9999999
nid_006,nid,NID কারা আবেদন করতে পারবে?,০১ অক্টোবর ২০১০ এর আগে জন্মগ্রহণকারী বাংলাদেশী বা বাংলাদেশি বংশোদ্ভূত ব্যক্তি আবেদন করতে পারবেন।,"বাংলাদেশের অভ্যন্তরে বসবাসরত বাংলাদেশি নাগরিক, বাংলাদেশ মিশনে শ্রমিক ও শিক্ষার্থী ব্যক্তি, বিদেশস্থ বাংলাদেশ মিশনে বসবাসরত বাংলাদেশি নাগরিক, বিদেশস্থ বাংলাদেশ মিশনে ব্যবসায়ী ব্যক্তি, বিদেশস্থ বাংলাদেশ মিশনে অফিস সহায়ক সহকারী, বিদেশস্থ বাংলাদেশ মিশনে সহায়ক সহকারী এবং বিদেশস্থ বাংলাদেশ মিশনে অতীব জরুরি কাজের জন্য নিযুক্ত ব্যক্তি সবাই NID আবেদন করতে পারেন।",False,0.0,0.47686832740213525,0.12903225806451613,0.12903225806451613,0.03333333333333333,0.12903225806451613,0.6500107,0.7373203,0.69091815
nid_007,nid,যদি আগে ভোটার হয়ে থাকি তাহলে কি আবার আবেদন করতে হবে?,"না, আগে ভোটার হয়ে থাকলে নতুন নিবন্ধনের প্রয়োজন নেই।","না, আগে ভোটার হয়ে থাকলে নতুন নিবন্ধনের প্রয়োজন নেই।",False,1.0,1.0,1.0,1.0,1.0,1.0,0.9999999,0.9999999,0.9999999
nid_014,nid,NID তথ্য হালনাগাদের জন্য কী কী প্রয়োজন?,"তথ্য হালনাগাদের জন্য প্রয়োজনীয় প্রমাণপত্র যেমন জন্ম নিবন্ধন, পাসপোর্ট, ঠিকানা প্রমাণ এবং সংশ্লিষ্ট দলিলাদি জমা দিতে হয়।","জন্ম নিবন্ধন, পাসপোর্ট, ঠিকানা প্রমাণ ও সংশ্লিষ্ট দলিলাদি জমা দিতে হয়।",False,0.0,0.9850746268656717,0.7142857142857143,0.7142857142857143,0.6153846153846154,0.7142857142857143,0.947763,0.8756409,0.91027564
nid_016,nid,NID রেজিস্ট্রেশন প্রক্রিয়া কী?,"রেজিস্ট্রেশন প্রক্রিয়ায় অনলাইন আবেদন, তথ্য যাচাই এবং বায়োমেট্রিক ডেটা সংগ্রহ অন্তর্ভুক্ত থাকে।","অনলাইন আবেদন, তথ্য যাচাই এবং বায়োমেট্রিক ডেটা সংগ্রহ অন্তর্ভুক্ত।",False,0.0,1.0,0.8571428571428571,0.8571428571428571,0.8421052631578948,0.8571428571428571,0.9590788,0.89857674,0.92784256
nid_018,nid,NID অফিসের ইমেইল কী?,NID অফিসের অফিসিয়াল ইমেইল হলো info@nidw.gov.bd।,info@nidw.gov.bd,False,0.0,1.0,0.6153846153846153,0.6153846153846153,0.5454545454545454,0.6153846153846153,0.9036061,0.72367805,0.80369484
nid_019,nid,NID সেবার সময় কখন?,"NID সেবা প্রদান করা হয় রবিবার থেকে বৃহস্পতিবার, সকাল ৯:০০টা থেকে বিকাল ৫:০০টা পর্যন্ত।",সকাল ৯:০০টা থেকে বিকাল ৫:০০টা পর্যন্ত।,False,0.0,1.0,0.6666666666666666,0.6666666666666666,0.6363636363636364,0.6666666666666666,0.9282462,0.79771763,0.8580462
nid_020,nid,NID কার্ডের তথ্য কিভাবে সংশোধন করা যায়?,"অনলাইন, এনআইডি রেজিস্ট্রেশন উইং অথবা উপজেলা/থানা/জেলা নির্বাচন অফিসে ভুল তথ্য সংশোধনের জন্য আবেদন করতে হয় এবং প্রয়োজনীয় দলিল জমা দিতে হয়।","অনলাইন, এনআইডি রেজিস্ট্রেশন উইং অথবা উপজেলা/থানা/জেলা নির্বাচন অফিসে ভুল তথ্য সংশোধনের জন্য আবেদন করে প্রয়োজনীয় দলিল জমা দিতে হয়।",False,0.0,0.984375,0.909090909090909,0.909090909090909,0.8571428571428572,0.909090909090909,0.9791874,0.9757492,0.9774653
nid_027,nid,NID তে পেশা পরিবর্তন করা যায় কি?,"হ্যাঁ, প্রমাণপত্রসহ আবেদন করতে হয়। তবে পেশা সাধারণত কার্ডে মুদ্রিত হয় না।","হ্যাঁ, প্রমাণপত্রসহ আবেদন করতে হয়। তবে পেশা সাধারণত কার্ডে মুদ্রিত হয় না।",False,1.0,1.0,1.0,1.0,1.0,1.0,1.0,1.0,1.0
nid_028,nid,NID ছবির পরিবর্তন কীভাবে করা যায়?,নিজে সরাসরি উপস্থিত হয়ে জাতীয় পরিচয় নিবন্ধন অনুবিভাগে আবেদন করতে হয়।,"অনলাইন, এনআইডি রেজিস্ট্রেশন উইং অথবা উপজেলা/থানা/জেলা নির্বাচন অফিসে ভুল তথ্য সংশোধনের জন্য আবেদন করে প্রয়োজনীয় দলিল জমা দিতে হয়।",False,0.0,0.46766169154228854,0.125,0.125,0.0,0.125,0.69912654,0.7448679,0.72127277
nid_030,nid,ডাক নাম ব্যবহার করলে কীভাবে সংশোধন করবো?,"এসএসসি সনদ, এফিডেভিট, পত্রিকায় বিজ্ঞপ্তি, ওয়ারিশ সনদ এবং স্থানীয় কর্তৃপক্ষের প্রত্যয়নপত্রসহ আবেদন করতে হয়।","এসএসসি সনদ, এফিডেভিট, পত্রিকায় বিজ্ঞপ্তি, ওয়ারিশ সনদ এবং স্থানীয় কর্তৃপক্ষের প্রত্যয়নপত্রসহ আবেদন করতে হয়।",False,1.0,1.0,1.0,1.0,1.0,1.0,1.0,1.0,1.0
nid_036,nid,NID তে অন্য ব্যক্তির তথ্য চলে এলে কী করবো?,প্রমাণপত্রসহ আবেদন করে বায়োমেট্রিক যাচাইয়ের মাধ্যমে সংশোধন করা হয়।,প্রমাণপত্রসহ আবেদন করে বায়োমেট্রিক যাচাইয়ের মাধ্যমে সংশোধন করা হয়।,False,1.0,1.0,1.0,1.0,1.0,1.0,1.0,1.0,1.0
nid_037,nid,রক্তের গ্রুপ যোগ বা সংশোধন করতে কী লাগে?,ডায়াগনস্টিক রিপোর্ট জমা দিতে হয়।,ডায়াগনস্টিক রিপোর্ট জমা দিতে হয়।,False,1.0,1.0,1.0,1.0,1.0,1.0,1.0,1.0,1.0
nid_039,nid,স্বাক্ষর পরিবর্তন করা যায় কি?,"হ্যাঁ, নতুন স্বাক্ষরের নমুনা ও আবেদন জমা দিতে হয়। তবে একবারই পরিবর্তন করা যায়।","হ্যাঁ, নতুন স্বাক্ষরের নমুনা ও আবেদন জমা দিতে হয়। তবে একবারই পরিবর্তন করা যায়।",False,1.0,1.0,1.0,1.0,1.0,1.0,0.99999994,0.99999994,0.99999994
nid_040,nid,জন্ম তারিখ সংশোধনের প্রমাণ না থাকলে কী হবে?,তদন্ত সাপেক্ষে উপজেলা/জেলা নির্বাচন অফিস বিষয়টি যাচাই করে সিদ্ধান্ত নেয়।,তদন্ত সাপেক্ষে উপজেলা/জেলা নির্বাচন অফিস বিষয়টি যাচাই করে সিদ্ধান্ত নেয়।,False,1.0,1.0,1.0,1.0,1.0,1.0,1.0,1.0,1.0
nid_046,nid,NID তে না থাকা কিন্তু পরিবর্তিত তথ্য কীভাবে সংশোধন করা যাবে?,"যে তথ্য NID তে প্রদর্শিত নয়, তা অনলাইনের মাধ্যমে সংশোধনের আবেদন করে আপডেট করা যায়।","যে তথ্য NID তে প্রদর্শিত নয়, তা অনলাইনের মাধ্যমে সংশোধনের আবেদন করে আপডেট করা যায়।",False,1.0,1.0,1.0,1.0,1.0,1.0,1.0,1.0,1.0
nid_049,nid,"২০০৭-২০১০ সালে ভোটার হয়েছি কিন্তু NID নেই, কী করবো?",উপজেলা বা থানা নির্বাচন অফিস থেকে কার্ড সংগ্রহ করতে পারবেন। না পেলে অনলাইনে রিইস্যুর জন্য আবেদন করতে হবে।,উপজেলা বা থানা নির্বাচন অফিস থেকে কার্ড সংগ্রহ করতে পারবেন। না পেলে অনলাইনে রিইস্যুর জন্য আবেদন করতে হবে।,False,1.0,1.0,1.0,1.0,1.0,1.0,1.0,1.0,1.0
nid_055,nid,ভোটার রেজিস্ট্রেশনে কোন বয়স বা নাম প্রযোজ্য হবে?,"এসএসসি বা সমমানের সনদের তথ্য প্রযোজ্য হবে। না থাকলে জন্ম সনদ, পাসপোর্ট বা ড্রাইভিং লাইসেন্স ব্যবহার করা যায়।","এসএসসি বা সমমানের সনদের তথ্য প্রযোজ্য হবে। না থাকলে জন্ম সনদ, পাসপোর্ট বা ড্রাইভিং লাইসেন্স ব্যবহার করা যায়।",False,1.0,1.0,1.0,1.0,1.0,1.0,1.0,1.0,1.0
nid_058,nid,নতুন ভোটার হতে কী কী লাগে?,"জন্ম নিবন্ধন, শিক্ষাগত সনদ, ঠিকানা প্রমাণ, নাগরিক সনদ, পিতামাতার NID এবং অন্যান্য প্রযোজ্য কাগজপত্র প্রয়োজন হয়।","বাংলাদেশের নাগরিক হতে হলে বয়স কমপক্ষে ১৮ বছর হতে হবে, উপযুক্ত আদালত কর্তৃক মানসিকভাবে অক্ষম ঘোষিত হওয়া যাবে না এবং সংশ্লিষ্ট ভোটার এলাকার বাসিন্দা বা আইন অনুযায়ী সেই এলাকার বাসিন্দা হিসেবে গণ্য হতে হবে।",False,0.0,0.3942652329749104,0.07999999999999999,0.07999999999999999,0.0,0.07999999999999999,0.63564,0.6619652,0.64853555
nid_064,nid,NID ফর্মের জন্য কি কোনো ফি লাগে?,"না, কোনো ফি লাগে না।","না, কোনো ফি লাগে না।",False,1.0,1.0,1.0,1.0,1.0,1.0,1.0,1.0,1.0
nid_066,nid,NID রিইস্যু করার জন্য জিডি নম্বর কী?,জিডি নম্বর হলো থানায় সাধারণ ডায়েরি (GD) করার পর পাওয়া রেফারেন্স নম্বর যা আবেদন করার সময় প্রয়োজন হতে পারে।,জিডি নম্বর হলো থানায় সাধারণ ডায়েরি (GD) করার পর পাওয়া রেফারেন্স নম্বর যা আবেদন করার সময় প্রয়োজন হতে পারে।,False,1.0,1.0,1.0,1.0,1.0,1.0,0.9999999,0.9999999,0.9999999
nid_068,nid,NID রিইস্যুর জন্য পুলিশ অফিসারের নাম কেন লাগে?,জিডি যাচাইয়ের জন্য দায়িত্বপ্রাপ্ত পুলিশ অফিসারের নাম আবেদন ফর্মে উল্লেখ করা হয়।,জিডি যাচাইয়ের জন্য দায়িত্বপ্রাপ্ত পুলিশ অফিসারের নাম উল্লেখ করতে হয়।,False,0.0,0.9629629629629629,0.8181818181818182,0.8181818181818182,0.6,0.8181818181818182,0.960999,0.9053619,0.9323512
nid_071,nid,প্রবাসী বাংলাদেশিদের ভোটার নিবন্ধনের জন্য কী কী প্রয়োজনীয় দলিল লাগে?,"প্রবাসী বাংলাদেশিদের জন্য অনলাইনে পূরণকৃত আবেদনপত্র, অনলাইন ভেরিফাইড জন্ম নিবন্ধন সনদ, পাসপোর্ট বা বিদেশি পাসপোর্ট, পিতামাতার পরিচয়পত্র এবং পাসপোর্ট সাইজ ছবি প্রয়োজন।","প্রবাসী বাংলাদেশিদের ভোটার নিবন্ধনের জন্য অনলাইনে পূরণকৃত আবেদনপত্র, অনলাইন ভেরিফাইড জন্ম নিবন্ধন সনদ, পাসপোর্ট বা বিদেশি পাসপোর্ট, পিতামাতার পরিচয়পত্র এবং পাসপোর্ট সাইজ ছবি প্রয়োজন।",False,0.0,1.0,0.9565217391304348,0.9565217391304348,0.909090909090909,0.9565217391304348,0.96743816,0.9838361,0.97556823
nid_072,nid,প্রবাসী ভোটার নিবন্ধনের জন্য কোন আবেদন ফর্ম ব্যবহার করতে হয়?,প্রবাসী ভোটার নিবন্ধনের জন্য ফরম-২ক ব্যবহার করতে হয়।,প্রবাসী ভোটার নিবন্ধনের জন্য অনলাইনে পূরণকৃত আবেদনপত্র (ফরম-২ক) ব্যবহার করতে হয়।,False,0.0,1.0,0.8571428571428571,0.8571428571428571,0.7368421052631579,0.8571428571428571,0.8542432,0.96318847,0.9054505
nid_074,nid,প্রবাসী ভোটার নিবন্ধনে পাসপোর্ট না থাকলে কী ব্যবহার করা যায়?,"মেয়াদোত্তীর্ণ বাংলাদেশি পাসপোর্ট, বিদেশি পাসপোর্ট অথবা তিনজন বাংলাদেশি NIDধারী ব্যক্তির প্রত্যয়নপত্র ব্যবহার করা যায়।","মেয়াদোত্তীর্ণ বাংলাদেশি পাসপোর্ট, বিদেশি পাসপোর্ট অথবা তিনজন বাংলাদেশি NIDধারী ব্যক্তির প্রত্যয়নপত্র ব্যবহার করা যায়।",False,1.0,1.0,1.0,1.0,1.0,1.0,1.0,1.0,1.0
nid_078,nid,বিশেষ এলাকার ভোটারদের জন্য অতিরিক্ত কী লাগে?,বিশেষ এলাকার জন্য বিশেষ তথ্য ফরম এবং অতিরিক্ত তথ্য সম্বলিত ডকুমেন্ট প্রয়োজন হতে পারে।,বিশেষ এলাকার ভোটারদের জন্য বিশেষ তথ্য ফরম এবং অতিরিক্ত তথ্য সম্বলিত ডকুমেন্ট প্রয়োজন হতে পারে।,False,0.0,1.0,0.9655172413793104,0.9655172413793104,0.888888888888889,0.9655172413793104,0.9561981,0.98695874,0.971335
nid_081,nid,প্রবাসী ভোটার নিবন্ধন কোথায় করতে হয়?,নির্ধারিত মিশন অফিসে উপস্থিত হয়ে আবেদন করতে হয়।,বাংলাদেশের দূতাবাস বা মিশন অফিসে নিবন্ধন সম্পন্ন করা হয়।,False,0.0,0.5,0.35294117647058826,0.35294117647058826,0.13333333333333333,0.35294117647058826,0.7633454,0.7751249,0.7691901
nid_086,nid,প্রবাসী বাংলাদেশিদের ভোটার নিবন্ধনের জন্য কোন আবেদন ফর্ম লাগে?,প্রবাসী ভোটার নিবন্ধনের জন্য ফরম-২ক (Form-2Ka) ব্যবহার করতে হয়।,প্রবাসী বাংলাদেশিদের ভোটার নিবন্ধনের জন্য অনলাইনে পূরণকৃত আবেদনপত্র (ফরম-২ক) লাগে।,False,0.0,0.7291666666666667,0.5454545454545454,0.5454545454545454,0.3,0.5454545454545454,0.7846345,0.8357062,0.8093655
nid_095,nid,প্রবাসী ভোটার নিবন্ধন কোথায় করতে হয়?,নির্ধারিত বাংলাদেশ মিশন অফিসে উপস্থিত হয়ে আবেদন করতে হয়।,বাংলাদেশের দূতাবাস বা মিশন অফিসে নিবন্ধন সম্পন্ন করা হয়।,False,0.0,0.6017699115044247,0.3333333333333333,0.3333333333333333,0.125,0.3333333333333333,0.7724855,0.7872857,0.7798154
nid_098,nid,প্রবাসী ভোটার নিবন্ধনে প্রতিনিধি কি ডকুমেন্ট জমা দিতে পারে?,"হ্যাঁ, কিছু দলিল বাংলাদেশে অবস্থানরত প্রতিনিধি সংশ্লিষ্ট নির্বাচন অফিসে জমা দিতে পারে।","হ্যাঁ, প্রয়োজনীয় কিছু দলিল বাংলাদেশে অবস্থানরত প্রতিনিধি সংশ্লিষ্ট নির্বাচন অফিসে জমা দিতে পারেন।",False,0.0,0.9693251533742331,0.8799999999999999,0.8799999999999999,0.7826086956521738,0.8799999999999999,0.94147855,0.9824598,0.9615327
nid_108,nid,NID নতুন ভোটার হওয়ার জন্য কী কী লাগে?,"এসএসসি সনদ, জন্ম নিবন্ধন, পাসপোর্ট বা ড্রাইভিং লাইসেন্স, ঠিকানা প্রমাণ, নাগরিকত্ব সনদ এবং পিতামাতার NID কপি প্রয়োজন হতে পারে।","এসএসসি সনদ, জন্ম নিবন্ধন, পাসপোর্ট বা ড্রাইভিং লাইসেন্স, ঠিকানা প্রমাণ, নাগরিকত্ব সনদ এবং পিতামাতার NID কপি প্রয়োজন হতে পারে।",False,1.0,1.0,1.0,1.0,1.0,1.0,1.0,1.0,1.0
nid_116,nid,প্রবাসে (টোকিও দূতাবাসে) NID আবেদন কীভাবে করতে হয়?,"প্রথমে অনলাইনে https://services.nidw.gov.bd/nid-pub ওয়েবসাইটে আবেদন করতে হয়, তারপর অ্যাপয়েন্টমেন্ট নিয়ে দূতাবাসে উপস্থিত হয়ে বায়োমেট্রিক প্রদান করতে হয়।","প্রথমে অনলাইনে https://services.nidw.gov.bd/nid-pub ওয়েবসাইটে আবেদন করতে হয়, তারপর অ্যাপয়েন্টমেন্ট নিয়ে দূতাবাসে উপস্থিত হয়ে বায়োমেট্রিক প্রদান করতে হয়।",False,1.0,1.0,1.0,1.0,1.0,1.0,1.0,1.0,1.0
nid_135,nid,লন্ডনে NID আবেদনে ফি লাগে কি?,"না, NID আবেদন প্রক্রিয়ার জন্য কোনো ফি লাগে না।","না, NID আবেদন প্রক্রিয়ার জন্য কোনো ফি লাগে না।",False,1.0,1.0,1.0,1.0,1.0,1.0,1.0,1.0,1.0
nid_141,nid,লন্ডনে NID আবেদনের শর্ত কী?,"আবেদনকারীকে অবশ্যই নতুন আবেদনকারী হতে হবে, এবং পূর্বে NID থাকলে আবেদন গ্রহণযোগ্য নয়।","আবেদনকারী অবশ্যই নতুন আবেদনকারী হতে হবে, এবং পূর্বে NID থাকলে আবেদন গ্রহণযোগ্য নয়।",False,0.0,1.0,0.9230769230769231,0.9230769230769231,0.9166666666666666,0.9230769230769231,0.99015427,0.9841737,0.9871549
nid_143,nid,লন্ডনে NID আবেদন কোথায় করতে হয়?,https://services.nidw.gov.bd/nid-pub ওয়েবসাইটে অনলাইন আবেদন করতে হয়।,https://services.nidw.gov.bd/nid-pub ওয়েবসাইটে অনলাইন আবেদন করতে হয়।,False,1.0,1.0,1.0,1.0,1.0,1.0,1.0,1.0,1.0
nid_148,nid,দুবাই কনস্যুলেটে NID আবেদন কোথায় করতে হয়?,https://services.nidw.gov.bd/nid-pub ওয়েবসাইটে অনলাইন আবেদন করতে হয়।,"অনলাইনে services.nidw.gov.bd পোর্টালে আবেদন করে প্রয়োজনীয় কাগজপত্র প্রস্তুত করে নির্ধারিত দিনে কনস্যুলেটে আঙুলের ছাপ, আইরিশ স্ক্যান, ছবি ও স্বাক্ষর দিতে হয়।",False,0.0,0.6185567010309279,0.3333333333333333,0.3333333333333333,0.1764705882352941,0.3333333333333333,0.70819163,0.76554865,0.73575395
nid_149,nid,দুবাই কনস্যুলেটে NID এর জন্য কী কী ডকুমেন্ট লাগে?,"অনলাইন আবেদন ফর্ম-২ক, ১৭ ডিজিট জন্ম নিবন্ধন, পাসপোর্ট, ছবি এবং প্রয়োজনীয় অন্যান্য পরিচয়পত্র লাগে।","অনলাইন আবেদন ফর্ম-২ক, ১৭ ডিজিট জন্ম নিবন্ধন, পাসপোর্ট, ছবি এবং প্রয়োজনীয় অন্যান্য পরিচয়পত্র লাগে।",False,1.0,1.0,1.0,1.0,1.0,1.0,0.99999994,0.99999994,0.99999994
nid_150,nid,দুবাই কনস্যুলেটে NID এর জন্য অ্যাপয়েন্টমেন্ট লাগে কি?,"হ্যাঁ, নির্ধারিত তারিখে বায়োমেট্রিকের জন্য অ্যাপয়েন্টমেন্ট প্রয়োজন।","হ্যাঁ, নির্ধারিত তারিখে বায়োমেট্রিকের জন্য অ্যাপয়েন্টমেন্ট প্রয়োজন।",False,1.0,1.0,1.0,1.0,1.0,1.0,0.99999994,0.99999994,0.99999994
nid_152,nid,দুবাই কনস্যুলেটে NID প্রসেসিং টাইম কত?,"প্রসেসিং টাইম নির্ভর করে যাচাই প্রক্রিয়ার ওপর, তাই নির্দিষ্ট সময় বলা যায় না।","প্রসেসিং টাইম নির্ভর করে যাচাই প্রক্রিয়ার ওপর, তাই নির্দিষ্ট সময় বলা যায় না।",False,1.0,1.0,1.0,1.0,1.0,1.0,1.0,0.9999999,0.99999994
nid_154,nid,দুবাই কনস্যুলেটে NID এর জন্য কীভাবে যাচাই হয়?,বাংলাদেশের সংশ্লিষ্ট নির্বাচন অফিস আবেদন যাচাই করে তথ্য নিশ্চিত করে।,দুবাই কনস্যুলেটে আবেদন জমা দেওয়ার পর বাংলাদেশের সংশ্লিষ্ট উপজেলা নির্বাচন অফিস আবেদনকারীর তথ্য যাচাই করে।,False,0.0,0.9322033898305085,0.64,0.64,0.2608695652173913,0.48,0.8181669,0.8980763,0.85626125
nid_162,nid,NID একাউন্ট তৈরির জন্য কী তথ্য দিতে হয়?,"NID বা Form Number, জন্ম তারিখ এবং ক্যাপচা কোড সঠিকভাবে দিতে হয়।","NID বা Form Number, জন্ম তারিখ এবং ক্যাপচা কোড সঠিকভাবে দিতে হয়।",False,1.0,1.0,1.0,1.0,1.0,1.0,1.0,1.0,1.0
nid_163,nid,তথ্য ভুল দিলে কী হবে?,তিনবারের বেশি ভুল তথ্য দিলে একাউন্ট সাময়িকভাবে লক হয়ে যেতে পারে।,তিনবারের বেশি ভুল তথ্য দিলে একাউন্ট সাময়িকভাবে লক হয়ে যেতে পারে।,False,1.0,1.0,1.0,1.0,1.0,1.0,1.0,1.0,1.0
nid_173,nid,প্রতিবন্ধী ভোটারদের জন্য কী ব্যবস্থা আছে?,প্রতিবন্ধী ও অসুস্থ ভোটারদের বাড়িতে গিয়ে নিবন্ধন সম্পন্ন করা হয়।,প্রতিবন্ধী ভোটারদের বাড়িতে গিয়ে নিবন্ধন সম্পন্ন করা হয়।,False,0.0,1.0,0.888888888888889,0.888888888888889,0.75,0.888888888888889,0.9770404,0.9273885,0.9515672
nid_176,nid,প্রবাসী ভোটার নিবন্ধনে জন্ম সনদ কেন লাগে?,আবেদনকারীর পরিচয় ও নাগরিকত্ব যাচাই করার জন্য অনলাইন ভেরিফাইড জন্ম নিবন্ধন সনদ প্রয়োজন।,আবেদনকারীর পরিচয় ও নাগরিকত্ব যাচাই করার জন্য অনলাইন ভেরিফাইড জন্ম নিবন্ধন সনদ প্রয়োজন।,False,1.0,1.0,1.0,1.0,1.0,1.0,1.0,1.0,1.0
nid_184,nid,প্রবাসী ভোটার নিবন্ধনের উদ্দেশ্য কী?,প্রবাসী বাংলাদেশিদের সঠিক পরিচয় যাচাই করে ভোটার তালিকায় অন্তর্ভুক্ত করা এবং NID প্রদান করা।,প্রবাসী বাংলাদেশিদের সঠিক পরিচয় যাচাই করে ভোটার তালিকায় অন্তর্ভুক্ত করা এবং NID প্রদান করা।,False,1.0,1.0,1.0,1.0,1.0,1.0,0.9999999,0.9999999,0.9999999
nid_189,nid,NID সত্যায়নে কোন ফরম্যাটে ফাইল আপলোড করতে হয়?,"JPEG, JPG অথবা PNG ফরম্যাটে ফাইল আপলোড করতে হয়।","JPEG, JPG অথবা PNG ফরম্যাটে ফাইল আপলোড করতে হয়।",False,1.0,1.0,1.0,1.0,1.0,1.0,1.0,1.0,1.0
nid_194,nid,আবেদন করার পর কী পাওয়া যায়?,"আবেদন করার পর একটি ট্র্যাকিং নম্বর দেওয়া হয়, যা দিয়ে আবেদন ট্র্যাক করা যায়।",আবেদন শেষে এনরোলমেন্ট স্লিপ দেওয়া হয়।,False,0.0,0.5925925925925926,0.3,0.3,0.1111111111111111,0.3,0.7965889,0.7834488,0.7899642
nid_195,nid,NID সত্যায়ন আবেদন কোথায় ট্র্যাক করা যায়?,সেবা ব্যবস্থাপনা অপশন থেকে ট্র্যাকিং নম্বর ব্যবহার করে আবেদন ট্র্যাক করা যায়।,সেবা ব্যবস্থাপনা অপশন থেকে ট্র্যাকিং নম্বর ব্যবহার করে আবেদন ট্র্যাক করা যায়।,False,1.0,1.0,1.0,1.0,1.0,1.0,1.0,1.0,1.0
nid_205,nid,ভোটার এলাকা পরিবর্তন করা যায় কি?,"হ্যাঁ, প্রয়োজনীয় আবেদন ও যাচাই প্রক্রিয়ার মাধ্যমে ভোটার এলাকা পরিবর্তন করা যেতে পারে।","হ্যাঁ, প্রয়োজনীয় আবেদন ও যাচাই প্রক্রিয়ার মাধ্যমে ভোটার এলাকা পরিবর্তন করা যেতে পারে।",False,1.0,1.0,1.0,1.0,1.0,1.0,1.0,1.0,1.0
nid_206,nid,নির্বাচন কমিশনের অফিসিয়াল ওয়েবসাইট কী?,বাংলাদেশ নির্বাচন কমিশনের অফিসিয়াল ওয়েবসাইট হলো https://ecs.gov.bd,https://ecs.gov.bd,False,0.0,1.0,0.5714285714285715,0.5714285714285715,0.5,0.5714285714285715,0.9189156,0.66471356,0.77141255
nid_208,nid,স্মার্ট এনআইডি কার্ড বিতরণ শুরু হলে নাগরিকদের কীভাবে জানানো হয়?,"স্মার্ট এনআইডি কার্ড বিতরণ শুরু হলে সংশ্লিষ্ট নির্বাচন অফিস এসএমএস, স্থানীয় ঘোষণা বা মাইকিংয়ের মাধ্যমে নাগরিকদের অবহিত করে।","স্মার্ট এনআইডি কার্ড বিতরণ শুরু হলে সংশ্লিষ্ট নির্বাচন অফিস এসএমএস, স্থানীয় ঘোষণা বা মাইকিংয়ের মাধ্যমে নাগরিকদের অবহিত করে।",False,1.0,1.0,1.0,1.0,1.0,1.0,1.0,1.0,1.0
nid_211,nid,পুরাতন এনআইডি কার্ড না থাকলে স্মার্ট এনআইডি কার্ড গ্রহণের জন্য কী নেওয়া যেতে পারে?,পুরাতন এনআইডি কার্ডের মূল কপি না থাকলে তার ফটোকপি নিয়ে স্মার্ট এনআইডি কার্ড গ্রহণ করা যায়।,পুরাতন এনআইডি কার্ডের মূল কপি না থাকলে তার ফটোকপি নিয়ে স্মার্ট এনআইডি কার্ড গ্রহণ করা যায়।,False,1.0,1.0,1.0,1.0,1.0,1.0,0.99999994,0.99999994,0.99999994
nid_212,nid,নিবন্ধন স্লিপ দিয়ে কি স্মার্ট এনআইডি কার্ড সংগ্রহ করা যায়?,হ্যাঁ। নতুন ভোটারের নিবন্ধন স্লিপ থাকলে অনলাইনে স্মার্ট কার্ডের স্ট্যাটাস যাচাই করে সেই স্লিপের মাধ্যমে স্মার্ট এনআইডি কার্ড সংগ্রহ করা যায়।,হ্যাঁ। নতুন ভোটারের নিবন্ধন স্লিপ থাকলে অনলাইনে স্মার্ট কার্ডের স্ট্যাটাস যাচাই করে সেই স্লিপের মাধ্যমে স্মার্ট এনআইডি কার্ড সংগ্রহ করা যায়।,False,1.0,1.0,1.0,1.0,1.0,1.0,0.9999999,0.9999999,0.9999999
nid_214,nid,নতুন ভোটার আইডি অনলাইনে যাচাই করার সময় ভোটার স্লিপের ফর্ম নম্বর কীভাবে লিখতে হয়?,Claim Account-এর মাধ্যমে নতুন ভোটার আইডি যাচাই করার সময় ভোটার স্লিপের ফর্ম নম্বরের আগে 'NIDFN' যোগ করে লিখতে হয়।,ভোটার স্লিপের ফর্ম নম্বরের আগে 'NIDFN' যোগ করে লিখতে হয়।,False,0.0,1.0,0.6666666666666666,0.6666666666666666,0.6428571428571429,0.6666666666666666,0.9457598,0.85596967,0.8986274
nid_216,nid,এনআইডি অনলাইন অ্যাকাউন্টে প্রবেশের আগে বর্তমান ও স্থায়ী ঠিকানা কেন নির্বাচন করতে হয়?,আবেদনকারীর পরিচয় যাচাইয়ের জন্য নিবন্ধনের সময় দেওয়া বর্তমান ও স্থায়ী ঠিকানার তথ্য নির্বাচন করতে হয়।,আবেদনকারীর পরিচয় যাচাইয়ের জন্য নিবন্ধনের সময় দেওয়া বর্তমান ও স্থায়ী ঠিকানার তথ্য নির্বাচন করতে হয়।,False,1.0,1.0,1.0,1.0,1.0,1.0,1.0,1.0,1.0
nid_218,nid,পুরাতন ভোটারদের সার্ভার ভেরিফাইড কপি কীভাবে পাওয়া যায়?,পুরাতন এনআইডি নম্বর ও জন্মতারিখসহ স্থানীয় উপজেলা নির্বাচন অফিসে যোগাযোগ করলে সার্ভার যাচাইকৃত কপি (Server Verified Copy) সংগ্রহ করা যায়।,পুরাতন এনআইডি নম্বর ও জন্মতারিখসহ স্থানীয় উপজেলা নির্বাচন অফিসে যোগাযোগ করলে সার্ভার যাচাইকৃত কপি (Server Verified Copy) সংগ্রহ করা যায়।,False,1.0,1.0,1.0,1.0,1.0,1.0,1.0,1.0,1.0
nid_227,nid,এনআইডিতে নিজের নাম পরিবর্তনের আবেদন করলে কি ব্যক্তিগত শুনানিতে উপস্থিত হতে হয়?,হ্যাঁ। নিজের নাম পরিবর্তনের আবেদনের ক্ষেত্রে মূল কাগজপত্রসহ ব্যক্তিগত শুনানিতে উপস্থিত হতে হতে পারে।,হ্যাঁ। নিজের নাম পরিবর্তনের আবেদনের ক্ষেত্রে মূল কাগজপত্রসহ ব্যক্তিগত শুনানিতে উপস্থিত হতে হতে পারে।,False,1.0,1.0,1.0,1.0,1.0,1.0,1.0,1.0,1.0
nid_230,nid,জীবিত ব্যক্তিকে ভুলক্রমে মৃত হিসেবে উল্লেখ করা হলে এনআইডি কীভাবে সংশোধন করা যায়?,"জীবিত পিতা, মাতা বা স্বামীকে ভুলক্রমে 'মৃত' হিসেবে উল্লেখ করা হলে সংশ্লিষ্ট ব্যক্তির জাতীয় পরিচয়পত্রের কপি জমা দিয়ে সংশোধনের আবেদন করতে হয়।","জীবিত পিতা, মাতা বা স্বামীকে ভুলক্রমে 'মৃত' হিসেবে উল্লেখ করা হলে সংশ্লিষ্ট ব্যক্তির জাতীয় পরিচয়পত্রের কপি জমা দিয়ে সংশোধনের আবেদন করতে হয়।",False,1.0,1.0,1.0,1.0,1.0,1.0,1.0,1.0,1.0
nid_232,nid,ডুপ্লিকেট এনআইডি নির্ধারিত সময়ে সংগ্রহ না করলে কী হতে পারে?,বিতরণের জন্য নির্ধারিত তারিখের ৭ দিনের মধ্যে ডুপ্লিকেট পরিচয়পত্র সংগ্রহ না করলে প্রশাসনিক জটিলতা সৃষ্টি হতে পারে।,বিতরণের জন্য নির্ধারিত তারিখের ৭ দিনের মধ্যে ডুপ্লিকেট পরিচয়পত্র সংগ্রহ না করলে প্রশাসনিক জটিলতা সৃষ্টি হতে পারে।,False,1.0,1.0,1.0,1.0,1.0,1.0,1.0,1.0,1.0
nid_233,nid,"এনআইডিতে নামের আগে পদবী, উপাধি বা খেতাব যুক্ত করা যায় কি?","না। জাতীয় পরিচয়পত্রে কোনো নামের পূর্বে পদবী, উপাধি বা খেতাব সংযুক্ত করা যায় না।",না।,False,0.0,1.0,0.13333333333333333,0.13333333333333333,0.0,0.13333333333333333,0.77802336,0.58533347,0.6680615
nid_235,nid,এনআইডির সঙ্গে যুক্ত হারিয়ে যাওয়া সিম পুনরায় তুললে কি মোবাইল নম্বর পরিবর্তন করতে হয়?,না। হারিয়ে যাওয়া সিম একই নম্বরে রিপ্লেসমেন্ট নিলে আগের নম্বরেই OTP গ্রহণ করা যায় এবং মোবাইল নম্বর পরিবর্তনের প্রয়োজন হয় না।,না। হারিয়ে যাওয়া সিম একই নম্বরে রিপ্লেসমেন্ট নিলে আগের নম্বরেই OTP গ্রহণ করা যায় এবং মোবাইল নম্বর পরিবর্তনের প্রয়োজন হয় না।,False,1.0,1.0,1.0,1.0,1.0,1.0,1.0,1.0,1.0
nid_238,nid,পুরোনো মোবাইল নম্বর ব্যবহার করা সম্ভব না হলে কী করতে হবে?,পুরোনো নম্বর ব্যবহার করা সম্ভব না হলে NID Application Services পোর্টালে নতুন মোবাইল নম্বর যুক্ত করতে বা নির্বাচন অফিসের মাধ্যমে নম্বর পরিবর্তনের আবেদন করতে হয়।,NID Application Services পোর্টালে নতুন মোবাইল নম্বর যুক্ত করা বা নির্বাচন অফিসের মাধ্যমে নম্বর পরিবর্তনের আবেদন করতে হবে।,False,0.0,0.9821428571428571,0.7906976744186047,0.7906976744186047,0.6829268292682927,0.7441860465116279,0.9644783,0.89352936,0.92764926
nid_241,nid,মোবাইল নম্বর পরিবর্তনের সময় NID Wallet অ্যাপ কেন ব্যবহার করতে হয়?,ব্যবহারকারীর পরিচয় নিশ্চিত করার জন্য NID Wallet অ্যাপের মাধ্যমে লাইভ ফেস ভেরিফিকেশন সম্পন্ন করতে হয়।,ব্যবহারকারীর পরিচয় নিশ্চিত করার জন্য NID Wallet অ্যাপের মাধ্যমে লাইভ ফেস ভেরিফিকেশন সম্পন্ন করতে হয়।,False,1.0,1.0,1.0,1.0,1.0,1.0,1.0,1.0,1.0
nid_249,nid,১৭ ডিজিটের এনআইডি নম্বরের শেষ ছয়টি সংখ্যা কী নির্দেশ করে?,শেষ ছয়টি সংখ্যা ভোটার নিবন্ধনের সময় ব্যবহৃত ফর্ম বা ভোটার সিরিয়ালের শেষ ছয়টি সংখ্যা নির্দেশ করে।,শেষ ছয়টি সংখ্যা ভোটার নিবন্ধনের সময় ব্যবহৃত ফর্ম বা ভোটার সিরিয়ালের শেষ ছয়টি সংখ্যা নির্দেশ করে।,False,1.0,1.0,1.0,1.0,1.0,1.0,1.0,1.0,1.0
nid_256,nid,এনআইডি নম্বর সঠিক হলে অনলাইনে কী তথ্য দেখা যায়?,"এনআইডি নম্বর সঠিক হলে ভোটারের নাম, ভোটার সিরিয়াল নম্বর, ১০ ডিজিটের NID নম্বর, ১৭ ডিজিটের PIN নম্বর এবং ভোটার এলাকার তথ্য দেখা যায়।","এনআইডি নম্বর সঠিক হলে ভোটারের নাম, ভোটার সিরিয়াল নম্বর, ১০ ডিজিটের NID নম্বর, ১৭ ডিজিটের PIN নম্বর এবং ভোটার এলাকার তথ্য দেখা যায়।",False,1.0,1.0,1.0,1.0,1.0,1.0,0.9999999,0.9999999,0.9999999
nid_269,nid,চাকরিজীবী হলে এনআইডিতে পেশা পরিবর্তনের জন্য কী কাগজপত্র জমা দেওয়া যায়?,"নিয়োগপত্র, অফিস আইডি কার্ড অথবা প্রতিষ্ঠানের প্রত্যয়নপত্র জমা দেওয়া যায়।","নিয়োগপত্র, অফিস আইডি কার্ড অথবা প্রতিষ্ঠানের প্রত্যয়নপত্র জমা দেওয়া যায়।",False,1.0,1.0,1.0,1.0,1.0,1.0,1.0,1.0,1.0
nid_278,nid,এনআইডি নবায়নের আবেদন কীভাবে করা যায়?,নির্ধারিত ফর্ম পূরণ করে সরাসরি নির্বাচন অফিসে অথবা নির্বাচন কমিশনের অনলাইন সেবার মাধ্যমে আবেদন করা যায়।,সাধারণ নবায়নের আবেদন সংশ্লিষ্ট স্থানীয় নির্বাচন অফিসে জমা দিতে হয়।,False,0.0,0.5185185185185186,0.23076923076923075,0.23076923076923075,0.08333333333333334,0.15384615384615385,0.80919456,0.78355694,0.7961694
nid_279,nid,এনআইডি নবায়নের সময় কি ফি পরিশোধ করতে হয়?,হ্যাঁ। এনআইডি নবায়নের জন্য নির্ধারিত ফি পরিশোধ করতে হয়।,হ্যাঁ। এনআইডি নবায়নের জন্য নির্ধারিত ফি পরিশোধ করতে হয়।,False,1.0,1.0,1.0,1.0,1.0,1.0,1.0,1.0,1.0
nid_281,nid,সাধারণ এনআইডি নবায়নের আবেদন কোথায় জমা দিতে হয়?,সাধারণ নবায়নের আবেদন সংশ্লিষ্ট স্থানীয় নির্বাচন অফিসে জমা দিতে হয়।,সাধারণ নবায়নের আবেদন সংশ্লিষ্ট স্থানীয় নির্বাচন অফিসে জমা দিতে হয়।,False,1.0,1.0,1.0,1.0,1.0,1.0,1.0000001,1.0000001,1.0000001
nid_286,nid,বাংলাদেশ নির্বাচন কমিশনের NID কল সেন্টারের নম্বর কত?,বাংলাদেশ নির্বাচন কমিশনের জাতীয় পরিচয়পত্র (NID) কল সেন্টারের নম্বর ১০৫।,বাংলাদেশ নির্বাচন কমিশনের জাতীয় পরিচয়পত্র (NID) কল সেন্টারের নম্বর ১০৫।,False,1.0,1.0,1.0,1.0,1.0,1.0,1.0,1.0,1.0
nid_289,nid,কুমিল্লা আঞ্চলিক নির্বাচন অফিসের যোগাযোগ নম্বর কত?,কুমিল্লা আঞ্চলিক নির্বাচন অফিসের যোগাযোগ নম্বর: 081-74291।,কুমিল্লা আঞ্চলিক নির্বাচন অফিসের যোগাযোগ নম্বর: 081-74291।,False,1.0,1.0,1.0,1.0,1.0,1.0,1.0,1.0,1.0
nid_300,nid,ভোটার নিবন্ধনের সময় আবেদনকারীকে কী দেওয়া হয়?,ভোটার নিবন্ধন ফরম পূরণের পর আবেদনকারীকে নির্ধারিত দিনে ছবি ও বায়োমেট্রিক তথ্য প্রদানের জন্য একটি স্লিপ দেওয়া হয়।,"ভোটার নিবন্ধনের সময় আবেদনকারীকে ছবি, দশ আঙুলের ছাপ, আইরিশ স্ক্যান এবং স্বাক্ষর প্রদান করতে হয়।",False,0.0,0.5797101449275363,0.2424242424242424,0.2424242424242424,0.0,0.2424242424242424,0.80592793,0.81234896,0.8091258
nid_304,nid,একই ব্যক্তি একাধিকবার ভোটার নিবন্ধন করলে কীভাবে শনাক্ত করা হয়?,বায়োমেট্রিক মিলিয়ে একাধিক নিবন্ধন শনাক্ত করে তা বাতিল করা হয়।,বায়োমেট্রিক মিলিয়ে একাধিক নিবন্ধন শনাক্ত করে তা বাতিল করা হয়।,False,1.0,1.0,1.0,1.0,1.0,1.0,1.0,1.0,1.0
nid_307,nid,যোগ্য হওয়া সত্ত্বেও ভোটার তালিকায় নাম না থাকলে কোথায় আবেদন করতে হয়?,যোগ্য ব্যক্তি ভোটার তালিকায় নাম না থাকলে নির্ধারিত ফরমে জেলা নির্বাচন কর্মকর্তার কাছে আবেদন করতে পারেন।,যোগ্য ব্যক্তি ভোটার তালিকায় নাম না থাকলে নির্ধারিত ফরমে জেলা নির্বাচন কর্মকর্তার কাছে আবেদন করতে হয়।,False,0.0,0.9797979797979798,0.9375,0.9375,0.9333333333333333,0.9375,0.98748183,0.982986,0.9852288
tin_098,tin,টিআইএন ব্যবহারকারী আইডি বা পাসওয়ার্ড ভুলে গেলে কী করতে হবে?,incometax.gov.bd পোর্টালে নিবন্ধিত মোবাইল নম্বর বা ই-মেইল ব্যবহার করে ‘ফরগট পাসওয়ার্ড’ বা রিকভারি অপশন ব্যবহার করতে হবে।,টিআইএন ব্যবহারকারী আইডি বা পাসওয়ার্ড ভুলে গেলে incometax.gov.bd পোর্টালের রিকভারি অপশন ব্যবহার করে নতুন পাসওয়ার্ড সেট করতে হবে।,False,0.0,0.7589285714285714,0.55,0.55,0.3157894736842105,0.4000000000000001,0.8267796,0.80058026,0.81346905
tin_215,tin,কোম্পানি কি আমদানি ও রপ্তানি কার্যক্রমের জন্য টিআইএন ব্যবহার করতে পারে?,"হ্যাঁ, আমদানি ও রপ্তানি কার্যক্রমের জন্য টিআইএন প্রয়োজন হয়।","হ্যাঁ, আমদানি ও রপ্তানি কার্যক্রমের জন্য টিআইএন প্রয়োজন হয়।",False,1.0,1.0,1.0,1.0,1.0,1.0,1.0000001,1.0000001,1.0000001
tin_226,tin,বর্তমান অফিসিয়াল গাইডে টিআইএন আবেদনের সুপারিশকৃত পদ্ধতি কী?,নিবেদিত ই-টিআইএন পোর্টালের মাধ্যমে সম্পূর্ণ অনলাইনে আবেদন করা সুপারিশ করা হয়েছে।,সুপারিশকৃত পদ্ধতি হলো এনবিআর ই-টিআইএন পোর্টালের মাধ্যমে সম্পূর্ণ অনলাইনে আবেদন করা।,False,0.0,0.8607594936708861,0.6666666666666666,0.6666666666666666,0.6363636363636364,0.6666666666666666,0.8833983,0.8963101,0.8898074
tin_087,tin,বাংলাদেশি ও বিদেশি মালিকানাধীন কোম্পানির টিআইএন প্রক্রিয়া কি একই?,"অনলাইন প্রক্রিয়া মূলত একই, তবে বিদেশি কোম্পানিকে শাখা বা লিয়াজোঁ অফিস নিবন্ধনের মতো অতিরিক্ত দলিল দিতে হতে পারে।",হ্যাঁ। বাংলাদেশি ও বিদেশি মালিকানাধীন কোম্পানির টিআইএন প্রক্রিয়া অনলাইন একই। তবে বিদেশি কোম্পানিকে শাখা বা লিয়াজোঁ অফিস নিবন্ধনের মতো অতিরিক্ত দলিল দিতে হতে পারে।,False,0.0,0.9771689497716894,0.8095238095238096,0.8095238095238096,0.7,0.761904761904762,0.8791996,0.9273889,0.90265155
tin_214,tin,টিআইএন ইস্যুর সময় এনবিআরের প্রধান লক্ষ্য কী?,"কর আইন কার্যকরভাবে পরিচালনা, পরিপালন পর্যবেক্ষণ এবং স্বচ্ছতা নিশ্চিত করা এনবিআরের প্রধান লক্ষ্য।","কর আইন কার্যকরভাবে পরিচালনা, পরিপালন পর্যবেক্ষণ এবং স্বচ্ছতা নিশ্চিত করা এনবিআরের প্রধান লক্ষ্য।",False,1.0,1.0,1.0,1.0,1.0,1.0,1.0,1.0,1.0
tin_040,tin,টিআইএন নিবন্ধনে পেশাদার সহায়তার জন্য কার সঙ্গে যোগাযোগ করা যায়?,"পেশাদার সহায়তার জন্য হাবিব মোরশেদ (+8801678148367, morshed@ogrlegal.com) অথবা সাজ্জাদ হোসেন (+8801682571960, Sazzad@ogrlegal.com)-এর সঙ্গে যোগাযোগ করা যায়।","হাবিব মোরশেদ (+8801678148367, morshed@ogrlegal.com) অথবা সাজ্জাদ হোসেন (+8801682571960, Sazzad@ogrlegal.com)-এর সঙ্গে যোগাযোগ করা যায়।",False,0.0,1.0,0.923076923076923,0.923076923076923,0.9189189189189189,0.923076923076923,0.98192036,0.94998765,0.9656901
tin_197,tin,এফএম অ্যাসোসিয়েটস গাইডে ই-টিআইএনের প্রধান সুবিধা কী বলা হয়েছে?,"প্রক্রিয়াটি সহজ, ঝামেলামুক্ত ও ডিজিটাল হওয়ায় সময় বাঁচে এবং ঝামেলা কমে।","প্রক্রিয়াটি সহজ, ঝামেলামুক্ত ও ডিজিটাল হওয়ায় সময় বাঁচে এবং ঝামেলা কমে।",False,1.0,1.0,1.0,1.0,1.0,1.0,0.99999994,0.99999994,0.99999994
tin_088,tin,সরকারি দরপত্রে টিআইএন থাকার একটি প্রধান সুবিধা কী?,বাংলাদেশে সরকারি দরপত্র বা ক্রয় প্রক্রিয়ায় অংশগ্রহণের জন্য বৈধ টিআইএন বাধ্যতামূলক।,সরকারি দরপত্রে অংশগ্রহণের জন্য বৈধ টিআইএন বাধ্যতামূলক।,False,0.0,0.9183673469387754,0.6666666666666665,0.6666666666666665,0.5,0.6666666666666665,0.9635389,0.8937467,0.9273315
tin_219,tin,এফএম অ্যাসোসিয়েটস গাইডে ডিজিটালাইজেশনের প্রধান সুবিধা কী বলা হয়েছে?,ডিজিটালাইজেশনের ফলে অনেক ঝামেলা ও সময় সাশ্রয় হয়েছে।,ডিজিটালাইজেশনের ফলে অনেক ঝামেলা ও সময় সাশ্রয় হয়েছে।,False,1.0,1.0,1.0,1.0,1.0,1.0,1.0000001,1.0000001,1.0000001
tin_182,tin,অফিসিয়াল গাইডে এনবিআরের কয়টি যোগাযোগ ই-মেইল দেওয়া আছে?,অফিসিয়াল গাইডে তিনটি ফিডব্যাক ই-মেইল দেওয়া আছে।,অফিসিয়াল গাইডে তিনটি ফিডব্যাক ই-মেইল দেওয়া আছে।,False,1.0,1.0,1.0,1.0,1.0,1.0,1.0000001,1.0000001,1.0000001
tin_041,tin,ফ্লোচার্টে চূড়ান্ত আবেদন জমা দেওয়ার ঠিক আগের ধাপ কী?,চূড়ান্ত আবেদন জমা দেওয়ার ঠিক আগের ধাপ হলো আবেদন সারাংশ পর্যালোচনা করা।,আবেদন সারাংশ পর্যালোচনা করা।,False,0.0,1.0,0.5,0.5,0.42857142857142855,0.5,0.8943372,0.7845693,0.83586496
tin_002,tin,বাংলাদেশে কোন কর্তৃপক্ষ টিআইএন সার্টিফিকেট ইস্যু করে?,বাংলাদেশে টিআইএন ইস্যু ও পরিচালনার একমাত্র সরকারি কর্তৃপক্ষ হলো জাতীয় রাজস্ব বোর্ড বা এনবিআর। সাধারণত incometax.gov.bd ই-টিআইএন পোর্টালের মাধ্যমে এই প্রক্রিয়া সম্পন্ন হয়।,বাংলাদেশে টিআইএন ইস্যু ও পরিচালনার একমাত্র সরকারি কর্তৃপক্ষ হলো জাতীয় রাজস্ব বোর্ড বা এনবিআর।,False,0.0,1.0,0.7000000000000001,0.7000000000000001,0.6842105263157895,0.7000000000000001,0.957941,0.82939786,0.88904715
tin_072,tin,প্রথম চেষ্টায় ভুল হলে কতবার রেজিস্ট্রেশন চেষ্টা করা যায়?,সফলভাবে সম্পন্ন না হওয়া পর্যন্ত প্রয়োজন অনুযায়ী রেজিস্ট্রেশন প্রক্রিয়া পুনরায় শুরু করা যায়।,সফলভাবে সম্পন্ন না হওয়া পর্যন্ত প্রয়োজন অনুযায়ী রেজিস্ট্রেশন প্রক্রিয়া পুনরায় শুরু করা যায়।,False,1.0,1.0,1.0,1.0,1.0,1.0,1.0000001,1.0000001,1.0000001
tin_152,tin,কোন ফ্লোচার্ট ছবিতে বিস্তারিত অনলাইন আবেদন ফরম পূরণ থেকে টিআইএন সার্টিফিকেট ডাউনলোড বা প্রিন্ট পর্যন্ত ধাপ দেখানো হয়েছে?,TIN_2.png ফ্লোচার্টে এই ধাপগুলো দেখানো হয়েছে।,TIN_2.png ফ্লোচার্টে এই ধাপগুলো দেখানো হয়েছে।,False,1.0,1.0,1.0,1.0,1.0,1.0,1.0,1.0,1.0
tin_115,tin,টিআইএন সহায়তার প্রথম যোগাযোগ ব্যক্তির ফোন নম্বর কী?,প্রথম যোগাযোগ ব্যক্তি হাবিব মোরশেদের ফোন নম্বর হলো +8801678148367।,প্রথম যোগাযোগ ব্যক্তি হাবিব মোরশেদের ফোন নম্বর +8801678148367।,False,0.0,1.0,0.9411764705882353,0.9411764705882353,0.7999999999999999,0.9411764705882353,0.9780132,0.9728508,0.9754252
tin_057,tin,টিআইএন সহায়তার জন্য কতজন যোগাযোগ ব্যক্তির নাম দেওয়া আছে?,টিআইএন সহায়তার জন্য দুইজনের নাম দেওয়া আছে: হাবিব মোরশেদ ও সাজ্জাদ হোসেন।,দুইজন যোগাযোগ ব্যক্তির নাম দেওয়া আছে: হাবিব মোরশেদ ও সাজ্জাদ হোসেন।,False,0.0,0.7889908256880734,0.6956521739130435,0.6956521739130435,0.6666666666666666,0.6956521739130435,0.91516966,0.88764244,0.9011959
tin_108,tin,বিদেশি বিনিয়োগকারীদের জন্যও কি টিআইএন প্রক্রিয়া বিনামূল্যে?,"হ্যাঁ। কোম্পানি দেশীয় বা বিদেশি মালিকানাধীন যাই হোক, টিআইএন নেওয়ার জন্য কোনো সরকারি ফি নেই।","হ্যাঁ। কোম্পানি দেশীয় বা বিদেশি মালিকানাধীন যাই হোক, টিআইএন নেওয়ার জন্য কোনো সরকারি ফি নেই।",False,1.0,1.0,1.0,1.0,1.0,1.0,1.0000001,1.0000001,1.0000001
tin_222,tin,অফিসিয়াল গাইডের দ্বিতীয় যোগাযোগ ব্যক্তির সঠিক ফোন নম্বর কী?,দ্বিতীয় যোগাযোগ ব্যক্তি সাজ্জাদ হোসেনের ফোন নম্বর +8801682571960।,+8801682571960,False,0.0,1.0,0.2222222222222222,0.2222222222222222,0.0,0.2222222222222222,0.8977658,0.65890384,0.7600088
tin_183,tin,হাবিব মোরশেদের সঠিক ফোন নম্বর কী?,হাবিব মোরশেদের ফোন নম্বর +8801678148367।,+8801678148367,False,0.0,1.0,0.33333333333333337,0.33333333333333337,0.0,0.33333333333333337,0.911548,0.7314208,0.8116103
tin_169,tin,তিনটি ছবিতে মোট কয়টি ফ্লোচার্ট দেওয়া হয়েছে?,"মোট তিনটি আলাদা ফ্লোচার্ট দেওয়া হয়েছে, যা প্রক্রিয়ার ভিন্ন অংশ দেখায়।",তিনটি ছবিতে মোট তিনটি ফ্লোচার্ট দেওয়া হয়েছে।,False,0.0,0.9166666666666667,0.5555555555555556,0.5555555555555556,0.37499999999999994,0.5555555555555556,0.8375724,0.7559508,0.7946712
tin_187,tin,দুই উৎস অনুযায়ী কোম্পানি কি টিআইএন ছাড়া পরিচালনা করা যায়?,"না। কোম্পানি, শাখা অফিস এবং লিয়াজোঁ অফিসসহ সব ব্যবসায়িক প্রতিষ্ঠানের জন্য টিআইএন বাধ্যতামূলক।",না।,False,0.0,1.0,0.14285714285714288,0.14285714285714288,0.0,0.14285714285714288,0.79442036,0.55566156,0.653929
tin_051,tin,কোম্পানির টিআইএন কি পরিচালকদের ব্যক্তিগত করের জন্য ব্যবহার করা যায়?,না। কোম্পানির টিআইএন কর্পোরেট কর পরিপালনের জন্য। পরিচালকদের ব্যক্তিগত আয়করের জন্য আলাদা ব্যক্তিগত টিআইএন লাগতে পারে।,না। কোম্পানির টিআইএন কোম্পানির কর্পোরেট কর পরিপালনের জন্য ব্যবহৃত হয়। পরিচালকদের ব্যক্তিগত আয়করের জন্য আলাদা ব্যক্তিগত টিআইএন লাগতে পারে।,False,0.0,1.0,0.9142857142857143,0.9142857142857143,0.7878787878787877,0.9142857142857143,0.9498641,0.96106744,0.9554329
tin_145,tin,এফএম অ্যাসোসিয়েটস অনুযায়ী ই-টিআইএন পাওয়ার প্রথম ধাপ কী?,প্রথম ধাপ হলো https://secure.incometax.gov.bd/TINHome ওয়েবসাইটে গিয়ে ব্যবহারকারী আইডি তৈরি করা।,https://secure.incometax.gov.bd/TINHome ওয়েবসাইটে গিয়ে ব্যবহারকারী আইডি তৈরি করা।,False,0.0,1.0,0.888888888888889,0.888888888888889,0.88,0.888888888888889,0.961499,0.9303209,0.945653
tin_234,tin,অফিসিয়াল গাইডে অনলাইন টিআইএনের সঠিক প্রসেসিং সময় কত?,অফিসিয়াল গাইডে অনলাইন টিআইএনের প্রসেসিং সময় ১৫ থেকে ২০ মিনিট বলা হয়েছে।,১৫ থেকে ২০ মিনিট।,False,0.0,1.0,0.5,0.5,0.42857142857142855,0.5,0.82039875,0.6297333,0.7125315
tin_156,tin,এফএম অ্যাসোসিয়েটস অনুযায়ী ব্যক্তিগত অনলাইন আবেদন শুরু করার আগে কী কী লাগে?,"আবেদনকারীর ঠিকানা, ফোন নম্বর, জাতীয় পরিচয়পত্র বা পাসপোর্টের কপি এবং ব্যক্তিগত তথ্য দরকার হয়।","আবেদনকারীর ঠিকানা, ফোন নম্বর, জাতীয় পরিচয়পত্র বা পাসপোর্টের কপি এবং ব্যক্তিগত তথ্য দরকার হয়।",False,1.0,1.0,1.0,1.0,1.0,1.0,1.0,1.0,1.0
tin_130,tin,ম্যানুয়াল টিআইএন আবেদনে আবেদনকারী কোম্পানি হলে কোন ডকুমেন্ট বাধ্যতামূলক?,কোম্পানি হলে কোম্পানি ইনকরপোরেশন সার্টিফিকেট এবং মেমোরেন্ডাম ও আর্টিকেলস অব অ্যাসোসিয়েশনের কপি বাধ্যতামূলক।,কোম্পানি হলে কোম্পানি ইনকরপোরেশন সার্টিফিকেট এবং মেমোরেন্ডাম ও আর্টিকেলস অব অ্যাসোসিয়েশনের কপি বাধ্যতামূলক।,False,1.0,1.0,1.0,1.0,1.0,1.0,1.0,1.0,1.0
tin_060,tin,সাপ্তাহিক ছুটি বা সরকারি ছুটির দিনে কি টিআইএন আবেদন করা যায়?,হ্যাঁ। অনলাইন পোর্টাল ২৪ ঘণ্টা চালু থাকে এবং অফিস সময়ের বাইরে বা ছুটির দিনেও সার্টিফিকেট তাৎক্ষণিকভাবে তৈরি হতে পারে।,হ্যাঁ। অনলাইন পোর্টাল ২৪ ঘণ্টা চালু থাকে এবং অফিস সময়ের বাইরে বা ছুটির দিনেও সার্টিফিকেট তাৎক্ষণিকভাবে তৈরি হতে পারে।,False,1.0,1.0,1.0,1.0,1.0,1.0,1.0,1.0,1.0
tin_056,tin,এসএমএস অ্যাক্টিভেশন কোড না এলে কী করতে হবে?,"দেওয়া মোবাইল নম্বর সঠিক কিনা যাচাই করতে হবে, কিছু সময় অপেক্ষা করতে হবে অথবা প্রয়োজনে রেজিস্ট্রেশন প্রক্রিয়া আবার শুরু করতে হবে। নম্বরটি সচল ও নেটওয়ার্কযুক্ত হওয়া দরকার।","মোবাইল নম্বর সঠিক কি না যাচাই করতে হবে, কিছু সময় অপেক্ষা করতে হবে অথবা প্রয়োজনে রেজিস্ট্রেশন প্রক্রিয়া আবার শুরু করতে হবে।",False,0.0,0.9705882352941176,0.7916666666666667,0.7916666666666667,0.7391304347826088,0.7916666666666667,0.9279473,0.8654602,0.8956152
tin_024,tin,কোম্পানি ইনকরপোরেশন শেষ হওয়ার আগে কি টিআইএন আবেদন করা যায়?,"না। টিআইএন আবেদনে আরজেএসসি থেকে প্রাপ্ত ইনকরপোরেশন নম্বর ও তারিখ লাগে, তাই আগে কোম্পানি নিবন্ধন সম্পন্ন হতে হবে।",না।,False,0.0,1.0,0.10526315789473684,0.10526315789473684,0.0,0.10526315789473684,0.7772919,0.5523603,0.64580077
tin_008,tin,টিআইএন সার্টিফিকেট কি নির্দিষ্ট মেয়াদের জন্য নাকি স্থায়ী?,টিআইএন একটি স্থায়ী নম্বর। এটি নিয়মিত বা নির্দিষ্ট সময় পর নবায়ন করতে হয় না।,টিআইএন স্থায়ী এবং নির্দিষ্ট সময় পর নবায়নের প্রয়োজন নেই।,False,0.0,0.7111111111111111,0.43478260869565216,0.43478260869565216,0.1904761904761905,0.43478260869565216,0.8746871,0.8459479,0.8600775
tin_009,tin,বাংলাদেশে কোম্পানির জন্য টিআইএন সার্টিফিকেটের প্রধান ব্যবহার কী কী?,"কোম্পানির টিআইএন কর্পোরেট ব্যাংক হিসাব খোলা ও পরিচালনা, বার্ষিক আয়কর রিটার্ন দাখিল, বিভিন্ন ব্যবসায়িক লাইসেন্স ও অনুমতি নেওয়া, সরকারি দরপত্রে অংশগ্রহণ এবং আমদানি-রপ্তানি কার্যক্রমে ব্যবহৃত হয়।","কর্পোরেট ব্যাংক হিসাব খোলা ও পরিচালনা, বার্ষিক আয়কর রিটার্ন দাখিল, ব্যবসায়িক লাইসেন্স ও অনুমতি নেওয়া, সরকারি দরপত্রে অংশগ্রহণ, আমদানি-রপ্তানি কার্যক্রম, কর সার্টিফিকেট সংগ্রহ এবং কর কর্তৃপক্ষের সঙ্গে আনুষ্ঠানিক যোগাযোগে টিআইএন প্রয়োজন হতে পারে।",False,0.0,0.8790560471976402,0.7213114754098361,0.7213114754098361,0.576271186440678,0.6557377049180328,0.85777533,0.9086786,0.8824935
tin_109,tin,টিআইএন আবেদন সফলভাবে জমা দেওয়ার পর কী করতে হবে?,"সার্টিফিকেট তাৎক্ষণিকভাবে তৈরি হওয়ার জন্য অপেক্ষা করতে হবে, তারপর সেটি ডাউনলোড, প্রিন্ট এবং লগইন তথ্য নিরাপদে সংরক্ষণ করতে হবে।","সার্টিফিকেট তাৎক্ষণিকভাবে তৈরি হওয়ার জন্য অপেক্ষা করতে হবে, তারপর সেটি ডাউনলোড, প্রিন্ট এবং লগইন তথ্য নিরাপদে সংরক্ষণ করতে হবে।",False,1.0,1.0,1.0,1.0,1.0,1.0,1.0,1.0,1.0
tin_153,tin,TIN_1.png ফ্লোচার্টের প্রথম বাক্সে কী আছে?,প্রথম বাক্সে আছে: এনবিআর ই-টিআইএন পোর্টাল incometax.gov.bd-এ প্রবেশ।,প্রথম বাক্সে আছে: এনবিআর ই-টিআইএন পোর্টাল incometax.gov.bd-এ প্রবেশ।,False,1.0,1.0,1.0,1.0,1.0,1.0,1.0,1.0,1.0
tin_023,tin,নতুন নিবন্ধিত কোম্পানির কর পরিপালনের প্রথম কাজ কী হওয়া উচিত?,"নতুন নিবন্ধিত কোম্পানির প্রথম কাজ হওয়া উচিত এনবিআর ই-টিআইএন পোর্টাল থেকে টিআইএন নেওয়া, কারণ ব্যাংক হিসাব খোলা, রিটার্ন দাখিল এবং অন্যান্য লাইসেন্সের আগে এটি মৌলিক প্রয়োজন।",কোম্পানির কর পরিপালনের প্রথম কাজ হওয়া উচিত এনবিআর ই-টিআইএন পোর্টালের মাধ্যমে টিআইএন সার্টিফিকেটের জন্য আবেদন করা।,False,0.0,0.6052631578947368,0.409090909090909,0.409090909090909,0.2857142857142857,0.409090909090909,0.8483846,0.78995275,0.8181267
tin_141,tin,ম্যানুয়াল চেকলিস্টে কোন ডকুমেন্টটি কোম্পানির জন্য লাগে কিন্তু প্রোপ্রাইটরশিপের জন্য নয়?,মেমোরেন্ডাম অব অ্যাসোসিয়েশন এবং আর্টিকেলস অব অ্যাসোসিয়েশনের কপি কোম্পানির জন্য লাগে।,মেমোরেন্ডাম অব অ্যাসোসিয়েশন এবং আর্টিকেলস অব অ্যাসোসিয়েশনের কপি কোম্পানির জন্য লাগে।,False,1.0,1.0,1.0,1.0,1.0,1.0,0.99999994,0.99999994,0.99999994
tin_191,tin,"ম্যানুয়াল চেকলিস্টে কোম্পানির জন্য কিন্তু ব্যক্তির জন্য নয়, এমন ডকুমেন্ট কোনটি?",মেমোরেন্ডাম অব অ্যাসোসিয়েশন এবং আর্টিকেলস অব অ্যাসোসিয়েশনের কপি কোম্পানির জন্য লাগে।,"ম্যানুয়াল চেকলিস্টে কোম্পানির জন্য কিন্তু ব্যক্তির জন্য নয়, এমন ডকুমেন্ট হলো পাসপোর্ট সাইজের তিন কপি ছবি।",False,0.0,0.4615384615384615,0.2222222222222222,0.2222222222222222,0.08,0.14814814814814814,0.7307099,0.73451316,0.7326066
tin_233,tin,টিআইএন সার্টিফিকেট পাওয়ার পর সুপারিশকৃত পরবর্তী ধাপ কী?,কর্পোরেট ব্যাংক হিসাব খোলা এবং অন্যান্য ব্যবসায়িক লাইসেন্সের জন্য আবেদন করা।,কর্পোরেট ব্যাংক হিসাব খোলা এবং অন্যান্য ব্যবসায়িক লাইসেন্সের জন্য আবেদন করা।,False,1.0,1.0,1.0,1.0,1.0,1.0,1.0,1.0,1.0
tin_176,tin,অফিসিয়াল গাইডে এনবিআরের ঠিকানা কী?,"অফিসিয়াল গাইডে এনবিআরের ঠিকানা সেগুনবাগিচা, ঢাকা-১০০০ বলা হয়েছে।","অফিসিয়াল গাইডে এনবিআরের ঠিকানা সেগুনবাগিচা, ঢাকা-১০০০ বলা হয়েছে।",False,1.0,1.0,1.0,1.0,1.0,1.0,0.99999994,0.99999994,0.99999994
tin_027,tin,অফিসিয়াল টিআইএন আবেদন ফ্লোচার্টে কয়টি ধাপ দেখানো হয়েছে?,অফিসিয়াল ফ্লোচার্টে পোর্টালে প্রবেশ থেকে কোম্পানির টিআইএন পাওয়া পর্যন্ত মোট ১০টি প্রধান ধাপ দেখানো হয়েছে।,অফিসিয়াল ফ্লোচার্টে পোর্টালে প্রবেশ থেকে কোম্পানির টিআইএন পাওয়া পর্যন্ত মোট ১০টি প্রধান ধাপ দেখানো হয়েছে।,False,1.0,1.0,1.0,1.0,1.0,1.0,1.0,0.99999994,0.99999994
tin_193,tin,অফিসিয়াল গাইড অনুযায়ী টিআইএনের মেয়াদ কত?,টিআইএন স্থায়ী এবং নির্দিষ্ট সময় পর নবায়নের প্রয়োজন নেই।,অফিসিয়াল গাইড অনুযায়ী টিআইএন স্থায়ী এবং নির্দিষ্ট সময় পর নবায়নের প্রয়োজন নেই।,False,0.0,1.0,0.8571428571428571,0.8571428571428571,0.8421052631578948,0.8571428571428571,0.8998218,0.97590613,0.9363209
tin_036,tin,টিআইএন পাওয়ার পর কোম্পানির পরবর্তী গুরুত্বপূর্ণ কর পরিপালন ধাপ কী?,টিআইএন পাওয়ার পর বার্ষিক আয়কর রিটার্ন দাখিল করা এবং প্রযোজ্য ক্ষেত্রে ভ্যাট পরিপালন নিশ্চিত করা গুরুত্বপূর্ণ।,বার্ষিক আয়কর রিটার্ন দাখিল করা এবং প্রযোজ্য ক্ষেত্রে ভ্যাট পরিপালন নিশ্চিত করা গুরুত্বপূর্ণ।,False,0.0,1.0,0.896551724137931,0.896551724137931,0.888888888888889,0.896551724137931,0.9770621,0.93184185,0.9539164
tin_058,tin,গাইড অনুযায়ী টিআইএন ব্যবস্থার প্রধান উদ্দেশ্য কী?,"জাতীয় রাজস্ব বোর্ডকে কর আইন কার্যকরভাবে পরিচালনা, কর পরিপালন পর্যবেক্ষণ এবং কর্পোরেট আর্থিক কার্যক্রমে স্বচ্ছতা নিশ্চিত করতে সহায়তা করা হলো টিআইএন ব্যবস্থার প্রধান উদ্দেশ্য।","জাতীয় রাজস্ব বোর্ডকে কর আইন পরিচালনা, কর পরিপালন পর্যবেক্ষণ এবং কর্পোরেট আর্থিক কার্যক্রমে স্বচ্ছতা নিশ্চিত করতে সহায়তা করা হলো টিআইএন ব্যবস্থার প্রধান উদ্দেশ্য।",False,0.0,1.0,0.9787234042553191,0.9787234042553191,0.9333333333333332,0.9787234042553191,0.98532623,0.96997666,0.97759116
tin_063,tin,টিআইএন সার্টিফিকেট ডাউনলোডের পর একেবারে শেষ কাজ কী?,ভবিষ্যতে টিআইএন অ্যাকাউন্টে লগইনের জন্য ব্যবহারকারী আইডি ও পাসওয়ার্ড নিরাপদে সংরক্ষণ করা।,লগইন তথ্য নিরাপদে সংরক্ষণ করা।,False,0.0,0.7916666666666667,0.35294117647058826,0.35294117647058826,0.26666666666666666,0.35294117647058826,0.8956455,0.7324784,0.8058858
tin_071,tin,টিআইএন আবেদন শুরু করার ন্যূনতম প্রয়োজনীয়তা কী?,"একটি অনন্য মোবাইল নম্বর এবং কোম্পানির প্রাথমিক তথ্য, যেমন নাম, আরজেএসসি ইনকরপোরেশন তথ্য ও ঠিকানা দরকার।","অনলাইনে কোম্পানির টিআইএন আবেদন করতে আরজেএসসি অনুযায়ী কোম্পানির নিবন্ধিত নাম, ইনকরপোরেশন নম্বর ও তারিখ, নিবন্ধিত ঠিকানা, অনুমোদিত ব্যক্তির নাম, একটি অনন্য মোবাইল নম্বর এবং একটি বৈধ ই-মেইল ঠিকানা লাগে।",False,0.0,0.8484848484848484,0.47826086956521735,0.47826086956521735,0.18181818181818182,0.26086956521739135,0.77791256,0.83482337,0.80536383
tin_194,tin,ওজিআর গাইড অনুযায়ী টিআইএন সার্টিফিকেট ডাউনলোডের পর কী করা উচিত?,ব্যবহারকারী আইডি ও পাসওয়ার্ড নিরাপদে সংরক্ষণ করা উচিত।,ওজিআর গাইড অনুযায়ী টিআইএন সার্টিফিকেট ডাউনলোডের পর পিডিএফ হিসেবে নিরাপদ স্থানে সংরক্ষণ করা উচিত।,False,0.0,0.5066666666666666,0.2727272727272727,0.2727272727272727,0.2,0.2727272727272727,0.7386684,0.8143823,0.7746797
tin_007,tin,বাংলাদেশে টিআইএন নিতে কি কোনো সরকারি ফি লাগে?,বাংলাদেশে টিআইএন নেওয়ার জন্য কোনো সরকারি ফি লাগে না।,"হ্যাঁ, সরকারিভাবে টিআইএন নেওয়ার কোনো ফি নেই।",False,0.0,0.676923076923077,0.5,0.5,0.14285714285714288,0.5,0.8603051,0.86871994,0.864492
tin_029,tin,বিদেশি কোম্পানি বা শাখা অফিস কি বাংলাদেশে টিআইএন নিতে পারে?,"হ্যাঁ, বাংলাদেশে আইনগতভাবে ব্যবসা পরিচালনার জন্য বিদেশি কোম্পানি, শাখা অফিস ও লিয়াজোঁ অফিসকেও টিআইএন নিতে হয়।","হ্যাঁ, বাংলাদেশে আইনগতভাবে ব্যবসা পরিচালনার জন্য বিদেশি কোম্পানি, শাখা অফিস ও লিয়াজোঁ অফিসকেও টিআইএন নিতে হয়।",False,1.0,1.0,1.0,1.0,1.0,1.0,1.0,1.0,1.0
tin_165,tin,"ম্যানুয়াল চেকলিস্টে প্রোপ্রাইটরশিপের জন্য যা লাগে কিন্তু কোম্পানির জন্য লাগে না, সেটি কী?",মালিকের তিন কপি ছবি প্রোপ্রাইটরশিপের জন্য নির্দিষ্টভাবে উল্লেখ আছে।,ম্যানুয়াল চেকলিস্টে প্রোপ্রাইটরশিপের জন্য মালিকের তিন কপি ছবি নির্দিষ্টভাবে উল্লেধ আছে।,False,0.0,0.9440000000000001,0.7999999999999999,0.7999999999999999,0.4444444444444445,0.6,0.89243513,0.95267457,0.9215715
birth_death_312,birth_death,জন্ম নিবন্ধন কত দিনে পাওয়া যায়?,"জন্ম বা মৃত্যু নিবন্ধন পেতে সময় নিবন্ধক কার্যালয়ের যাচাই, কাগজপত্রের সম্পূর্ণতা এবং আবেদনের চাপের ওপর নির্ভর করে। সঠিক সময় জানতে আবেদন অবস্থা যাচাই করুন বা সংশ্লিষ্ট নিবন্ধক কার্যালয়ে যোগাযোগ করুন।","জন্ম বা মৃত্যু নিবন্ধন পেতে সময় নিবন্ধক কার্যালয়ের যাচাই, কাগজপত্রের সম্পূর্ণতা এবং আবেদনের চাপের ওপর নির্ভর করে। সঠিক সময় জানতে আবেদন অবস্থা যাচাই করুন বা সংশ্লিষ্ট নিবন্ধক কার্যালয়ে যোগাযোগ করুন।",False,1.0,1.0,1.0,1.0,1.0,1.0,1.0,1.0,1.0
birth_death_313,birth_death,জন্ম সনদ পেতে কত সময় লাগে?,"জন্ম বা মৃত্যু নিবন্ধন পেতে সময় নিবন্ধক কার্যালয়ের যাচাই, কাগজপত্রের সম্পূর্ণতা এবং আবেদনের চাপের ওপর নির্ভর করে। সঠিক সময় জানতে আবেদন অবস্থা যাচাই করুন বা সংশ্লিষ্ট নিবন্ধক কার্যালয়ে যোগাযোগ করুন।","জন্ম বা মৃত্যু নিবন্ধন পেতে সময় নিবন্ধক কার্যালয়ের যাচাই, কাগজপত্রের সম্পূর্ণতা এবং আবেদনের চাপের ওপর নির্ভর করে।",False,0.0,1.0,0.7234042553191489,0.7234042553191489,0.7111111111111111,0.7234042553191489,0.9423691,0.86349404,0.90120906
birth_death_314,birth_death,মৃত্যু সনদ কত দিনে পাওয়া যায়?,"জন্ম বা মৃত্যু নিবন্ধন পেতে সময় নিবন্ধক কার্যালয়ের যাচাই, কাগজপত্রের সম্পূর্ণতা এবং আবেদনের চাপের ওপর নির্ভর করে। সঠিক সময় জানতে আবেদন অবস্থা যাচাই করুন বা সংশ্লিষ্ট নিবন্ধক কার্যালয়ে যোগাযোগ করুন।","মৃত্যু নিবন্ধন পেতে সময় নিবন্ধক কার্যালয়ের যাচাই, কাগজপত্রের সম্পূর্ণতা এবং আবেদনের চাপের ওপর নির্ভর করে। সঠিক সময় জানতে আবেদন অবস্থা যাচাই করুন বা সংশ্লিষ্ট নিবন্ধক কার্যালয়ে যোগাযোগ করুন।",False,0.0,1.0,0.9655172413793104,0.9655172413793104,0.9642857142857143,0.9655172413793104,0.99126554,0.98684776,0.9890517
birth_death_315,birth_death,মৃত্যু নিবন্ধন অনুমোদনে কত সময় লাগে?,"জন্ম বা মৃত্যু নিবন্ধন পেতে সময় নিবন্ধক কার্যালয়ের যাচাই, কাগজপত্রের সম্পূর্ণতা এবং আবেদনের চাপের ওপর নির্ভর করে। সঠিক সময় জানতে আবেদন অবস্থা যাচাই করুন বা সংশ্লিষ্ট নিবন্ধক কার্যালয়ে যোগাযোগ করুন।","মৃত্যু নিবন্ধন অনুমোদনে সময় নিবন্ধক কার্যালয়ের যাচাই, কাগজপত্রের সম্পূর্ণতা এবং আবেদনের চাপের ওপর নির্ভর করে।",False,0.0,0.9569377990430623,0.6222222222222223,0.6222222222222223,0.5581395348837208,0.6222222222222223,0.8813127,0.8298859,0.85482657
birth_death_316,birth_death,আবেদন করার পর সনদ পেতে কতদিন লাগবে?,"জন্ম বা মৃত্যু নিবন্ধন পেতে সময় নিবন্ধক কার্যালয়ের যাচাই, কাগজপত্রের সম্পূর্ণতা এবং আবেদনের চাপের ওপর নির্ভর করে। সঠিক সময় জানতে আবেদন অবস্থা যাচাই করুন বা সংশ্লিষ্ট নিবন্ধক কার্যালয়ে যোগাযোগ করুন।",সাধারণত আবেদন শেষে আবেদনপত্র প্রিন্ট করে প্রয়োজনীয় কাগজপত্রসহ সংশ্লিষ্ট নিবন্ধক কার্যালয়ে জমা দিতে হয়।,False,0.0,0.5507246376811594,0.22727272727272724,0.22727272727272724,0.09523809523809525,0.18181818181818182,0.7981549,0.7430507,0.7696177
birth_death_328,birth_death,মৃত্যু নিবন্ধন ফ্রি কখন,মৃত্যুর ৪৫ দিনের মধ্যে মৃত্যু নিবন্ধন করলে ফি লাগে না।,মৃত্যুর ৪৫ দিনের মধ্যে মৃত্যু নিবন্ধন করলে ফি লাগে না।,False,1.0,1.0,1.0,1.0,1.0,1.0,1.0,1.0,1.0
birth_death_022,birth_death,শিশুর জন্ম নিবন্ধনের জন্য কোন তথ্য লাগে?,"শিশুর জন্ম নিবন্ধনের আবেদনে শিশুর নাম, জন্মতারিখ, লিঙ্গ, জন্মস্থানের ঠিকানা, বর্তমান ও স্থায়ী ঠিকানা, পিতা-মাতার তথ্য, আবেদনকারীর তথ্য এবং প্রয়োজনীয় প্রমাণপত্রের তথ্য দিতে হয়।","শিশুর জন্ম নিবন্ধনের আবেদনে শিশুর নাম, জন্মতারিখ, লিঙ্গ, জন্মস্থানের ঠিকানা, বর্তমান ও স্থায়ী ঠিকানা, পিতা-মাতার তথ্য, আবেদনকারীর তথ্য এবং প্রয়োজনীয় প্রমাণপত্রের তথ্য দিতে হয়।",False,1.0,1.0,1.0,1.0,1.0,1.0,1.0,1.0,1.0
birth_death_023,birth_death,নতুন শিশুর জন্ম সনদ করতে কী কী তথ্য দিতে হয়?,"শিশুর জন্ম নিবন্ধনের আবেদনে শিশুর নাম, জন্মতারিখ, লিঙ্গ, জন্মস্থানের ঠিকানা, বর্তমান ও স্থায়ী ঠিকানা, পিতা-মাতার তথ্য, আবেদনকারীর তথ্য এবং প্রয়োজনীয় প্রমাণপত্রের তথ্য দিতে হয়।","শিশুর নাম, জন্মতারিখ, লিঙ্গ, জন্মস্থানের ঠিকানা, বর্তমান ঠিকানা, স্থায়ী ঠিকানা, পিতা-মাতার তথ্য, আবেদনকারীর তথ্য এবং প্রয়োজনীয় প্রমাণপত্রের তথ্য দিতে হয়।",False,0.0,1.0,0.8695652173913043,0.8695652173913043,0.8181818181818182,0.8695652173913043,0.9637601,0.9312881,0.9472459
birth_death_024,birth_death,বাচ্চার জন্ম নিবন্ধনে কী কী তথ্য পূরণ করতে হয়?,"শিশুর জন্ম নিবন্ধনের আবেদনে শিশুর নাম, জন্মতারিখ, লিঙ্গ, জন্মস্থানের ঠিকানা, বর্তমান ও স্থায়ী ঠিকানা, পিতা-মাতার তথ্য, আবেদনকারীর তথ্য এবং প্রয়োজনীয় প্রমাণপত্রের তথ্য দিতে হয়।","শিশুর নাম, জন্মতারিখ, লিঙ্গ, জন্মস্থানের ঠিকানা, বর্তমান ঠিকানা, স্থায়ী ঠিকানা, পিতা-মাতার তথ্য, আবেদনকারীর তথ্য এবং প্রয়োজনীয় প্রমাণপত্রের তথ্য পূরণ করতে হয়।",False,0.0,0.96,0.8085106382978724,0.8085106382978724,0.7111111111111111,0.8085106382978724,0.95096684,0.9256878,0.938157
birth_death_025,birth_death,জন্ম নিবন্ধন ফরমে শিশুর কোন কোন তথ্য লাগে?,"শিশুর জন্ম নিবন্ধনের আবেদনে শিশুর নাম, জন্মতারিখ, লিঙ্গ, জন্মস্থানের ঠিকানা, বর্তমান ও স্থায়ী ঠিকানা, পিতা-মাতার তথ্য, আবেদনকারীর তথ্য এবং প্রয়োজনীয় প্রমাণপত্রের তথ্য দিতে হয়।","শিশুর জন্ম নিবন্ধনের আবেদনে শিশুর নাম, জন্মতারিখ, লিঙ্গ, জন্মস্থানের ঠিকানা, বর্তমান ও স্থায়ী ঠিকানা, পিতা-মাতার তথ্য, আবেদনকারীর তথ্য এবং প্রয়োজনীয় প্রমাণপত্রের তথ্য দিতে হয়।",False,1.0,1.0,1.0,1.0,1.0,1.0,1.0,1.0,1.0
birth_death_026,birth_death,নবজাতকের জন্ম নিবন্ধনে কী তথ্য দিতে হয়?,"শিশুর জন্ম নিবন্ধনের আবেদনে শিশুর নাম, জন্মতারিখ, লিঙ্গ, জন্মস্থানের ঠিকানা, বর্তমান ও স্থায়ী ঠিকানা, পিতা-মাতার তথ্য, আবেদনকারীর তথ্য এবং প্রয়োজনীয় প্রমাণপত্রের তথ্য দিতে হয়।","শিশুর নাম, জন্মতারিখ, লিঙ্গ, জন্মস্থানের ঠিকানা, বর্তমান ঠিকানা, স্থায়ী ঠিকানা, পিতা-মাতার তথ্য এবং প্রয়োজনীয় প্রমাণপত্রের তথ্য দিতে হয়।",False,0.0,1.0,0.8181818181818181,0.8181818181818181,0.761904761904762,0.8181818181818181,0.9402349,0.8834883,0.91097873
birth_death_226,birth_death,জন্ম নিবন্ধন কোন অফিসে করব?,"জন্মস্থান, স্থায়ী ঠিকানা বা বর্তমান ঠিকানা অনুযায়ী সংশ্লিষ্ট ইউনিয়ন পরিষদ, পৌরসভা, সিটি কর্পোরেশন বা ক্যান্টনমেন্ট বোর্ডের নিবন্ধক কার্যালয়ে জন্ম নিবন্ধনের আবেদন জমা দিতে হয়।","জন্ম নিবন্ধন সংশ্লিষ্ট ইউনিয়ন পরিষদ, পৌরসভা, সিটি কর্পোরেশন বা ক্যান্টনমেন্ট বোর্ডের নিবন্ধক কার্যালয়ে করতে হয়।",False,0.0,0.9377990430622009,0.6666666666666667,0.6666666666666667,0.5405405405405405,0.6153846153846154,0.9339137,0.86053056,0.8957216
birth_death_227,birth_death,শিশুর জন্ম সনদ ইউনিয়ন পরিষদে করব নাকি সিটি কর্পোরেশনে?,"জন্মস্থান, স্থায়ী ঠিকানা বা বর্তমান ঠিকানা অনুযায়ী সংশ্লিষ্ট ইউনিয়ন পরিষদ, পৌরসভা, সিটি কর্পোরেশন বা ক্যান্টনমেন্ট বোর্ডের নিবন্ধক কার্যালয়ে জন্ম নিবন্ধনের আবেদন জমা দিতে হয়।","শিশুর জন্ম সনদ সংশ্লিষ্ট ইউনিয়ন পরিষদ, পৌরসভা, সিটি কর্পোরেশন বা ক্যান্টনমেন্ট বোর্ডের নিবন্ধক কার্যালয়ে করতে হয়।",False,0.0,0.928909952606635,0.65,0.65,0.5263157894736841,0.6,0.90540624,0.8472093,0.87534153
birth_death_228,birth_death,জন্ম সনদের জন্য কোন নিবন্ধক কার্যালয়ে যাব?,"জন্মস্থান, স্থায়ী ঠিকানা বা বর্তমান ঠিকানা অনুযায়ী সংশ্লিষ্ট ইউনিয়ন পরিষদ, পৌরসভা, সিটি কর্পোরেশন বা ক্যান্টনমেন্ট বোর্ডের নিবন্ধক কার্যালয়ে জন্ম নিবন্ধনের আবেদন জমা দিতে হয়।","জন্ম নিবন্ধনের আবেদন জমা দিতে হলে সাধারণত সংশ্লিষ্ট ইউনিয়ন পরিষদ, পৌরসভা, সিটি কর্পোরেশন বা ক্যান্টনমেন্ট বোর্ডের নিবন্ধক কার্যালয়ে যেতে হয়।",False,0.0,0.935361216730038,0.7727272727272727,0.7727272727272727,0.6666666666666666,0.5454545454545454,0.9240779,0.88088906,0.9019668
birth_death_229,birth_death,আমার জন্ম সনদের আবেদন কোথায় জমা দেব?,"জন্মস্থান, স্থায়ী ঠিকানা বা বর্তমান ঠিকানা অনুযায়ী সংশ্লিষ্ট ইউনিয়ন পরিষদ, পৌরসভা, সিটি কর্পোরেশন বা ক্যান্টনমেন্ট বোর্ডের নিবন্ধক কার্যালয়ে জন্ম নিবন্ধনের আবেদন জমা দিতে হয়।",অনলাইন আবেদন শেষে আবেদনপত্র প্রিন্ট করে প্রয়োজনীয় কাগজপত্রসহ সংশ্লিষ্ট নিবন্ধক কার্যালয়ে জমা দিতে হয়।,False,0.0,0.6225165562913907,0.3684210526315789,0.3684210526315789,0.16666666666666669,0.3157894736842105,0.7790002,0.73241526,0.7549898
birth_death_230,birth_death,গ্রামে জন্ম নিবন্ধন কোথায় করব?,"জন্মস্থান, স্থায়ী ঠিকানা বা বর্তমান ঠিকানা অনুযায়ী সংশ্লিষ্ট ইউনিয়ন পরিষদ, পৌরসভা, সিটি কর্পোরেশন বা ক্যান্টনমেন্ট বোর্ডের নিবন্ধক কার্যালয়ে জন্ম নিবন্ধনের আবেদন জমা দিতে হয়।",গ্রামে জন্ম হলে সংশ্লিষ্ট ইউনিয়ন পরিষদে জন্ম নিবন্ধনের আবেদন করতে হয়।,False,0.0,0.7850467289719626,0.34285714285714286,0.34285714285714286,0.18181818181818182,0.34285714285714286,0.8697207,0.73823136,0.7985998
birth_death_058,birth_death,হাসপাতালে মৃত্যু না হলে মৃত্যু নিবন্ধন করা যাবে?,"হাসপাতালের বাইরে মৃত্যু হলেও মৃত্যু নিবন্ধন করা যায়। এ ক্ষেত্রে স্থানীয় প্রতিনিধি, স্বাস্থ্যকর্মী, চিকিৎসক, দাফন বা সৎকার কর্তৃপক্ষ, অথবা নিবন্ধক কার্যালয় গ্রহণ করে এমন প্রমাণপত্র লাগতে পারে।","হাসপাতালের বাইরে মৃত্যু হলেও মৃত্যু নিবন্ধন করা যায়। এ ক্ষেত্রে স্থানীয় প্রতিনিধি, স্বাস্থ্যকর্মী, চিকিৎসক, দাফন বা সৎকার কর্তৃপক্ষ, ইউনিয়ন পরিষদ, পৌরসভা বা নিবন্ধক কার্যালয় গ্রহণ করে এমন প্রমাণপত্র লাগতে পারে। সঠিক প্রমাণপত্রের জন্য সংশ্লিষ্ট নিবন্ধক কার্যালয়ে আগে যোগাযোগ করা ভালো।",False,0.0,0.9859943977591037,0.7761194029850746,0.7761194029850746,0.7384615384615384,0.7761194029850746,0.88975,0.9532937,0.9204264
birth_death_059,birth_death,বাড়িতে মৃত্যু হলে মৃত্যু সনদ কীভাবে করব?,"হাসপাতালের বাইরে মৃত্যু হলেও মৃত্যু নিবন্ধন করা যায়। এ ক্ষেত্রে স্থানীয় প্রতিনিধি, স্বাস্থ্যকর্মী, চিকিৎসক, দাফন বা সৎকার কর্তৃপক্ষ, অথবা নিবন্ধক কার্যালয় গ্রহণ করে এমন প্রমাণপত্র লাগতে পারে।","বাড়িতে মৃত্যু হলেও মৃত্যু নিবন্ধন করা যায়। এ ক্ষেত্রে স্থানীয় প্রতিনিধি, স্বাস্থ্যকর্মী, চিকিৎসক, দাফন বা সৎকার কর্তৃপক্ষ, ইউনিয়ন পরিষদ, পৌরসভা বা নিবন্ধক কার্যালয় গ্রহণ করে এমন প্রমাণপত্র লাগতে পারে। সঠিক প্রমাণপত্রের জন্য সংশ্লিষ্ট নিবন্ধক কার্যালয়ে আগে যোগাযোগ করা ভালো।",False,0.0,0.9352941176470588,0.7272727272727274,0.7272727272727274,0.6875,0.7272727272727274,0.84469163,0.87910235,0.86155355
birth_death_060,birth_death,মৃত্যু হাসপাতালের বাইরে হলে কোন কাগজ লাগবে?,"হাসপাতালের বাইরে মৃত্যু হলেও মৃত্যু নিবন্ধন করা যায়। এ ক্ষেত্রে স্থানীয় প্রতিনিধি, স্বাস্থ্যকর্মী, চিকিৎসক, দাফন বা সৎকার কর্তৃপক্ষ, অথবা নিবন্ধক কার্যালয় গ্রহণ করে এমন প্রমাণপত্র লাগতে পারে।","হাসপাতালের বাইরে মৃত্যু হলেও মৃত্যু নিবন্ধন করা যায়। এ ক্ষেত্রে স্থানীয় প্রতিনিধি, স্বাস্থ্যকর্মী, চিকিৎসক, দাফন বা সৎকার কর্তৃপক্ষ, অথবা নিবন্ধক কার্যালয় গ্রহণ করে এমন প্রমাণপত্র লাগতে পারে।",False,1.0,1.0,1.0,1.0,1.0,1.0,1.0,1.0,1.0
birth_death_061,birth_death,বাড়িতে মারা গেলে মৃত্যুর প্রমাণ কীভাবে দেব?,"হাসপাতালের বাইরে মৃত্যু হলেও মৃত্যু নিবন্ধন করা যায়। এ ক্ষেত্রে স্থানীয় প্রতিনিধি, স্বাস্থ্যকর্মী, চিকিৎসক, দাফন বা সৎকার কর্তৃপক্ষ, অথবা নিবন্ধক কার্যালয় গ্রহণ করে এমন প্রমাণপত্র লাগতে পারে।","বাড়িতে মৃত্যু হলে মৃত্যুর প্রমাণ হিসেবে স্থানীয় প্রতিনিধি, স্বাস্থ্যকর্মী, চিকিৎসক, দাফন বা সৎকার কর্তৃপক্ষ, ইউনিয়ন পরিষদ, পৌরসভা বা নিবন্ধক কার্যালয় গ্রহণ করে এমন প্রমাণপত্র লাগতে পারে। সঠিক প্রমাণপত্রের জন্য সংশ্লিষ্ট নিবন্ধক কার্যালয়ে আগে যোগাযোগ করা ভালো।",False,0.0,0.8360128617363344,0.5714285714285715,0.5714285714285715,0.45901639344262296,0.5396825396825397,0.82855713,0.84955406,0.8389242
birth_death_062,birth_death,ডাক্তার ছাড়া বাড়িতে মৃত্যু হলে সনদ হবে কি?,"হাসপাতালের বাইরে মৃত্যু হলেও মৃত্যু নিবন্ধন করা যায়। এ ক্ষেত্রে স্থানীয় প্রতিনিধি, স্বাস্থ্যকর্মী, চিকিৎসক, দাফন বা সৎকার কর্তৃপক্ষ, অথবা নিবন্ধক কার্যালয় গ্রহণ করে এমন প্রমাণপত্র লাগতে পারে।","হ্যাঁ। হাসপাতালের বাইরে মৃত্যু হলেও মৃত্যু নিবন্ধন করা যায়। এ ক্ষেত্রে স্থানীয় প্রতিনিধি, স্বাস্থ্যকর্মী, চিকিৎসক, দাফন বা সৎকার কর্তৃপক্ষ, ইউনিয়ন পরিষদ, পৌরসভা বা নিবন্ধক কার্যালয় গ্রহণ করে এমন প্রমাণপত্র লাগতে পারে।",False,0.0,0.9859943977591037,0.896551724137931,0.896551724137931,0.8571428571428571,0.896551724137931,0.94893914,0.9745614,0.9615796
birth_death_295,birth_death,মৃত্যু সনদে মৃত্যুস্থানের ঠিকানা ভুল হলে কী করব?,মৃত্যু নিবন্ধনে মৃত্যুস্থানের ঠিকানা বা মৃত্যুর সময় বসবাসের ঠিকানা ভুল হলে মৃত্যু নিবন্ধন তথ্য সংশোধন আবেদন করতে হয়। সঠিক ঠিকানার প্রমাণপত্র সংযুক্ত করা প্রয়োজন হতে পারে।,মৃত্যু নিবন্ধনে মৃত্যুস্থানের ঠিকানা বা মৃত্যুর সময় বসবাসের ঠিকানা ভুল হলে মৃত্যু নিবন্ধন তথ্য সংশোধন আবেদন করতে হয়। সঠিক ঠিকানার প্রমাণপত্র সংযুক্ত করা প্রয়োজন হতে পারে।,False,1.0,1.0,1.0,1.0,1.0,1.0,1.0,1.0,1.0
birth_death_296,birth_death,মৃত্যুর সময়ের বসবাসের ঠিকানা সংশোধন করা যাবে?,মৃত্যু নিবন্ধনে মৃত্যুস্থানের ঠিকানা বা মৃত্যুর সময় বসবাসের ঠিকানা ভুল হলে মৃত্যু নিবন্ধন তথ্য সংশোধন আবেদন করতে হয়। সঠিক ঠিকানার প্রমাণপত্র সংযুক্ত করা প্রয়োজন হতে পারে।,"হ্যাঁ, মৃত্যুর সময়ের বসবাসের ঠিকানা সংশোধনের আবেদন করা যায়।",False,0.0,0.7032967032967034,0.28571428571428575,0.28571428571428575,0.06060606060606061,0.28571428571428575,0.80824745,0.7514592,0.77881944
birth_death_297,birth_death,"মৃত্যু নিবন্ধনে ঠিকানা ভুল, কীভাবে ঠিক করব?",মৃত্যু নিবন্ধনে মৃত্যুস্থানের ঠিকানা বা মৃত্যুর সময় বসবাসের ঠিকানা ভুল হলে মৃত্যু নিবন্ধন তথ্য সংশোধন আবেদন করতে হয়। সঠিক ঠিকানার প্রমাণপত্র সংযুক্ত করা প্রয়োজন হতে পারে।,মৃত্যু নিবন্ধনে মৃত্যুস্থানের ঠিকানা বা মৃত্যুর সময় বসবাসের ঠিকানা ভুল হলে মৃত্যু নিবন্ধন তথ্য সংশোধন আবেদন করতে হয়। সঠিক ঠিকানার প্রমাণপত্র সংযুক্ত করা প্রয়োজন হতে পারে।,False,1.0,1.0,1.0,1.0,1.0,1.0,1.0,1.0,1.0
birth_death_298,birth_death,মৃত্যু সনদের ঠিকানা সংশোধনের জন্য কী লাগবে?,মৃত্যু নিবন্ধনে মৃত্যুস্থানের ঠিকানা বা মৃত্যুর সময় বসবাসের ঠিকানা ভুল হলে মৃত্যু নিবন্ধন তথ্য সংশোধন আবেদন করতে হয়। সঠিক ঠিকানার প্রমাণপত্র সংযুক্ত করা প্রয়োজন হতে পারে।,মৃত্যু নিবন্ধনে মৃত্যুস্থানের ঠিকানা বা মৃত্যুর সময় বসবাসের ঠিকানা ভুল হলে মৃত্যু নিবন্ধন তথ্য সংশোধন আবেদন করতে হয়। সঠিক ঠিকানার প্রমাণপত্র সংযুক্ত করা প্রয়োজন হতে পারে।,False,1.0,1.0,1.0,1.0,1.0,1.0,1.0,1.0,1.0
birth_death_069,birth_death,মৃত্যু নিবন্ধন যাচাই করব কীভাবে?,মৃত্যু নিবন্ধন যাচাই করতে eVerify পেজে ১৭ অংকের মৃত্যু নিবন্ধন নম্বর এবং মৃত্যুর তারিখ দিতে হয়। সঠিক তথ্য দিলে অনলাইনে মৃত্যু নিবন্ধনের তথ্য যাচাই করা যায়।,মৃত্যু নিবন্ধন যাচাই করতে eVerify পেজে ১৭ অংকের মৃত্যু নিবন্ধন নম্বর এবং মৃত্যুর তারিখ দিতে হয়।,False,0.0,1.0,0.761904761904762,0.761904761904762,0.7499999999999999,0.761904761904762,0.94891584,0.88488597,0.91578305
birth_death_070,birth_death,মৃত্যু সনদ অনলাইনে চেক করার নিয়ম কী?,মৃত্যু নিবন্ধন যাচাই করতে eVerify পেজে ১৭ অংকের মৃত্যু নিবন্ধন নম্বর এবং মৃত্যুর তারিখ দিতে হয়। সঠিক তথ্য দিলে অনলাইনে মৃত্যু নিবন্ধনের তথ্য যাচাই করা যায়।,মৃত্যু নিবন্ধন অনলাইন যাচাইয়ের জন্য ১৭ অংকের মৃত্যু নিবন্ধন নম্বর এবং মৃত্যুর তারিখ প্রয়োজন।,False,0.0,0.752,0.5,0.5,0.4210526315789474,0.5,0.8876191,0.8300341,0.8578613
birth_death_071,birth_death,মৃত্যু নিবন্ধন নম্বর দিয়ে তথ্য দেখা যায়?,মৃত্যু নিবন্ধন যাচাই করতে eVerify পেজে ১৭ অংকের মৃত্যু নিবন্ধন নম্বর এবং মৃত্যুর তারিখ দিতে হয়। সঠিক তথ্য দিলে অনলাইনে মৃত্যু নিবন্ধনের তথ্য যাচাই করা যায়।,BDRIS পোর্টালের মৃত্যু নিবন্ধন আবেদনের বর্তমান অবস্থা অপশন ব্যবহার করে আবেদন নম্বর বা প্রয়োজনীয় তথ্য দিয়ে আবেদনের অগ্রগতি দেখা যায়।,False,0.0,0.5403225806451613,0.2173913043478261,0.2173913043478261,0.04545454545454545,0.2173913043478261,0.7400446,0.7524691,0.74620515
birth_death_072,birth_death,মৃত্যু সনদ সত্যি কিনা যাচাই কীভাবে করব?,মৃত্যু নিবন্ধন যাচাই করতে eVerify পেজে ১৭ অংকের মৃত্যু নিবন্ধন নম্বর এবং মৃত্যুর তারিখ দিতে হয়। সঠিক তথ্য দিলে অনলাইনে মৃত্যু নিবন্ধনের তথ্য যাচাই করা যায়।,মৃত্যু নিবন্ধন অনলাইন যাচাইয়ের জন্য ১৭ অংকের মৃত্যু নিবন্ধন নম্বর এবং মৃত্যুর তারিখ প্রয়োজন।,False,0.0,0.752,0.5,0.5,0.4210526315789474,0.5,0.8876191,0.8300341,0.8578613
birth_death_073,birth_death,মৃত্যু নিবন্ধন ভেরিফাই করতে কী লাগে?,মৃত্যু নিবন্ধন যাচাই করতে eVerify পেজে ১৭ অংকের মৃত্যু নিবন্ধন নম্বর এবং মৃত্যুর তারিখ দিতে হয়। সঠিক তথ্য দিলে অনলাইনে মৃত্যু নিবন্ধনের তথ্য যাচাই করা যায়।,মৃত্যু নিবন্ধন তথ্য অনলাইনে যাচাই করতে eVerify পেজে ১৭ অংকের মৃত্যু নিবন্ধন নম্বর এবং মৃত্যুর তারিখ দিতে হয়।,False,0.0,1.0,0.8181818181818181,0.8181818181818181,0.6666666666666666,0.7272727272727274,0.93338114,0.90165734,0.9172451
birth_death_074,birth_death,মৃত্যু নিবন্ধন তথ্য অনুসন্ধান কীভাবে করব?,মৃত্যু নিবন্ধন যাচাই করতে eVerify পেজে ১৭ অংকের মৃত্যু নিবন্ধন নম্বর এবং মৃত্যুর তারিখ দিতে হয়। সঠিক তথ্য দিলে অনলাইনে মৃত্যু নিবন্ধনের তথ্য যাচাই করা যায়।,BDRIS পোর্টালের মৃত্যু নিবন্ধন তথ্য অনলাইনে যাচাই করতে মৃত্যু নিবন্ধন নম্বর ও মৃত্যুর তারিখ দিতে হয়।,False,0.0,0.8815789473684211,0.6190476190476191,0.6190476190476191,0.35000000000000003,0.5238095238095238,0.8641894,0.8347434,0.8492112
birth_death_322,birth_death,মৃত্যু সনদ চেক,মৃত্যু নিবন্ধন যাচাই করতে eVerify পেজে ১৭ অংকের মৃত্যু নিবন্ধন নম্বর এবং মৃত্যুর তারিখ দিতে হয়। সঠিক তথ্য দিলে অনলাইনে মৃত্যু নিবন্ধনের তথ্য যাচাই করা যায়।,BDRIS পোর্টালের মৃত্যু নিবন্ধন যাচাই অপশন ব্যবহার করে মৃত্যু নিবন্ধন নম্বর ও মৃত্যুর তারিখ দিয়ে মৃত্যু নিবন্ধনের তথ্য যাচাই করা যায়।,False,0.0,0.757396449704142,0.5957446808510638,0.5957446808510638,0.4444444444444445,0.5957446808510638,0.8656402,0.8310926,0.8480147
birth_death_090,birth_death,মৃত্যু নিবন্ধন আবেদনের অবস্থা কীভাবে দেখব?,BDRIS পোর্টালে মৃত্যু নিবন্ধন আবেদনের বর্তমান অবস্থা অপশন ব্যবহার করে আবেদন নম্বর বা প্রয়োজনীয় তথ্য দিয়ে আবেদনের অগ্রগতি দেখা যায়।,BDRIS পোর্টালের মৃত্যু নিবন্ধন আবেদন অপশন ব্যবহার করে আবেদন নম্বর বা প্রয়োজনীয় তথ্য দিয়ে আবেদনের বর্তমান অবস্থা দেখা যায়।,False,0.0,0.9629629629629629,0.8717948717948718,0.8717948717948718,0.7027027027027027,0.7692307692307692,0.96653426,0.9454292,0.9558652
birth_death_091,birth_death,মৃত্যু সনদের আবেদন স্ট্যাটাস চেক করব কীভাবে?,BDRIS পোর্টালে মৃত্যু নিবন্ধন আবেদনের বর্তমান অবস্থা অপশন ব্যবহার করে আবেদন নম্বর বা প্রয়োজনীয় তথ্য দিয়ে আবেদনের অগ্রগতি দেখা যায়।,BDRIS পোর্টালের মৃত্যু নিবন্ধন আবেদন অপশন ব্যবহার করে আবেদন নম্বর বা প্রয়োজনীয় তথ্য দিয়ে আবেদনের বর্তমান অবস্থা দেখা যায়।,False,0.0,0.9629629629629629,0.8717948717948718,0.8717948717948718,0.7027027027027027,0.7692307692307692,0.96653426,0.9454292,0.9558652
birth_death_092,birth_death,মৃত্যু নিবন্ধনের বর্তমান অবস্থা কোথায় দেখা যায়?,BDRIS পোর্টালে মৃত্যু নিবন্ধন আবেদনের বর্তমান অবস্থা অপশন ব্যবহার করে আবেদন নম্বর বা প্রয়োজনীয় তথ্য দিয়ে আবেদনের অগ্রগতি দেখা যায়।,BDRIS পোর্টালের মৃত্যু নিবন্ধন অংশে মৃত্যু নিবন্ধন আবেদনের বর্তমান অবস্থা দেখা যায়।,False,0.0,0.8760330578512396,0.5,0.5,0.3333333333333333,0.5,0.9088554,0.81873167,0.8614428
birth_death_093,birth_death,মৃত্যু নিবন্ধন আবেদন প্রক্রিয়াধীন কিনা জানব কীভাবে?,BDRIS পোর্টালে মৃত্যু নিবন্ধন আবেদনের বর্তমান অবস্থা অপশন ব্যবহার করে আবেদন নম্বর বা প্রয়োজনীয় তথ্য দিয়ে আবেদনের অগ্রগতি দেখা যায়।,BDRIS পোর্টালের মৃত্যু নিবন্ধন আবেদন অপশন ব্যবহার করে আবেদন নম্বর বা প্রয়োজনীয় তথ্য দিয়ে আবেদনের অগ্রগতি দেখা যায়।,False,0.0,0.9528301886792453,0.8421052631578948,0.8421052631578948,0.7222222222222222,0.8421052631578948,0.97872674,0.96420145,0.9714098
birth_death_094,birth_death,মৃত্যু সনদ আবেদন অনুমোদন হয়েছে কিনা কীভাবে দেখব?,BDRIS পোর্টালে মৃত্যু নিবন্ধন আবেদনের বর্তমান অবস্থা অপশন ব্যবহার করে আবেদন নম্বর বা প্রয়োজনীয় তথ্য দিয়ে আবেদনের অগ্রগতি দেখা যায়।,BDRIS পোর্টালের মৃত্যু নিবন্ধন আবেদনের বর্তমান অবস্থা অপশন ব্যবহার করে আবেদন নম্বর বা প্রয়োজনীয় তথ্য দিয়ে আবেদনের অগ্রগতি দেখা যায়। আবেদন প্রক্রিয়াধীন থাকলে সংশ্লিষ্ট নিবন্ধক কার্যালয়ে যোগাযোগ করা যেতে পারে।,False,0.0,0.9626556016597511,0.7599999999999999,0.7599999999999999,0.7083333333333333,0.7599999999999999,0.85503364,0.933911,0.8927334
birth_death_148,birth_death,সংশোধনের আবেদন করতে ওটিপি লাগে?,জন্ম বা মৃত্যু নিবন্ধনের সংশোধন আবেদন জমা দিতে আবেদনকারীর ফোন নম্বর বা যোগাযোগের তথ্য দিতে হয় এবং ওটিপি যাচাই লাগতে পারে। ওটিপি সঠিকভাবে প্রদান করলে আবেদন সাবমিট করা যায়।,"হ্যাঁ, সংশোধন আবেদন জমা দিতে আবেদনকারীর ফোন নম্বর বা যোগাযোগের তথ্য দিতে হয় এবং ওটিপি যাচাই লাগতে পারে।",False,0.0,0.9680851063829787,0.7234042553191489,0.7234042553191489,0.7111111111111111,0.7234042553191489,0.9039946,0.84561014,0.87382823
birth_death_149,birth_death,জন্ম নিবন্ধন সংশোধনে মোবাইল নম্বর কেন লাগে?,জন্ম বা মৃত্যু নিবন্ধনের সংশোধন আবেদন জমা দিতে আবেদনকারীর ফোন নম্বর বা যোগাযোগের তথ্য দিতে হয় এবং ওটিপি যাচাই লাগতে পারে। ওটিপি সঠিকভাবে প্রদান করলে আবেদন সাবমিট করা যায়।,"জন্ম বা মৃত্যু নিবন্ধনের সংশোধন আবেদনে আবেদনকারীর তথ্য দিতে হয়। আবেদনকারী নিজে, পিতা, মাতা, পিতামহ, পিতামহী, মাতামহ, মাতামহী, অভিভাবক বা সম্পর্কিত অন্য ব্যক্তি হতে পারেন। সম্পর্ক অনুযায়ী জন্ম নিবন্ধন নম্বর, জন্মতারিখ, জাতীয় পরিচয়পত্র নম্বর, নাম, ইমেইল ও ফোন নম্বর দিতে হতে পারে।",False,0.0,0.6425339366515836,0.39436619718309857,0.39436619718309857,0.20289855072463767,0.2816901408450704,0.7408489,0.77261907,0.7564005
birth_death_150,birth_death,মৃত্যু নিবন্ধন সংশোধনে ফোন নম্বর দিতে হয়?,জন্ম বা মৃত্যু নিবন্ধনের সংশোধন আবেদন জমা দিতে আবেদনকারীর ফোন নম্বর বা যোগাযোগের তথ্য দিতে হয় এবং ওটিপি যাচাই লাগতে পারে। ওটিপি সঠিকভাবে প্রদান করলে আবেদন সাবমিট করা যায়।,মৃত্যু নিবন্ধন সংশোধনে আবেদনকারীর ফোন নম্বর দিতে হয়।,False,0.0,0.8181818181818181,0.32432432432432434,0.32432432432432434,0.17142857142857143,0.32432432432432434,0.8534664,0.75161135,0.7993071
birth_death_151,birth_death,ওটিপি ছাড়া সংশোধন আবেদন করা যাবে?,জন্ম বা মৃত্যু নিবন্ধনের সংশোধন আবেদন জমা দিতে আবেদনকারীর ফোন নম্বর বা যোগাযোগের তথ্য দিতে হয় এবং ওটিপি যাচাই লাগতে পারে। ওটিপি সঠিকভাবে প্রদান করলে আবেদন সাবমিট করা যায়।,ওটিপি ছাড়া সংশোধন আবেদন করা যাবে না।,False,0.0,0.7586206896551724,0.2222222222222222,0.2222222222222222,0.058823529411764705,0.16666666666666663,0.81938505,0.71525013,0.7637845
birth_death_152,birth_death,সংশোধন আবেদনে ফোনে কোড আসে কেন?,জন্ম বা মৃত্যু নিবন্ধনের সংশোধন আবেদন জমা দিতে আবেদনকারীর ফোন নম্বর বা যোগাযোগের তথ্য দিতে হয় এবং ওটিপি যাচাই লাগতে পারে। ওটিপি সঠিকভাবে প্রদান করলে আবেদন সাবমিট করা যায়।,সংশোধন আবেদন জমা দিতে আবেদনকারীর ফোন নম্বরে OTP পাঠানো হতে পারে।,False,0.0,0.7884615384615384,0.35,0.35,0.2631578947368421,0.35,0.84446394,0.76804227,0.8044422
birth_death_163,birth_death,BDRIS লগইনে বারবার ভুল পাসওয়ার্ড দিলে কী হয়?,BDRIS লগইনে ৩ বার ইউজারনেম ও পাসওয়ার্ড ভুল দিলে আইডি ৩০ মিনিটের জন্য স্থগিত হতে পারে। ৩০ মিনিট পর সঠিক পাসওয়ার্ড দিয়ে আবার চেষ্টা করতে হবে।,BDRIS লগইনে ৩ বার ইউজারনেম ও পাসওয়ার্ড ভুল দিলে আইডি ৩০ মিনিটের জন্য স্থগিত হতে পারে।,False,0.0,1.0,0.761904761904762,0.761904761904762,0.7499999999999999,0.761904761904762,0.9591598,0.8943149,0.92560303
birth_death_164,birth_death,বিডিআরআইএস আইডি লক হয়ে গেলে কী করব?,BDRIS লগইনে ৩ বার ইউজারনেম ও পাসওয়ার্ড ভুল দিলে আইডি ৩০ মিনিটের জন্য স্থগিত হতে পারে। ৩০ মিনিট পর সঠিক পাসওয়ার্ড দিয়ে আবার চেষ্টা করতে হবে।,লগইনের আগে ব্রাউজারের ক্যাশ সমস্যা এড়াতে Ctrl + Shift + R চাপার নির্দেশনা রয়েছে।,False,0.0,0.3645320197044335,0.0,0.0,0.0,0.0,0.71350867,0.6863335,0.69965726
birth_death_165,birth_death,তিনবার ভুল পাসওয়ার্ড দিলে কী সমস্যা হয়?,BDRIS লগইনে ৩ বার ইউজারনেম ও পাসওয়ার্ড ভুল দিলে আইডি ৩০ মিনিটের জন্য স্থগিত হতে পারে। ৩০ মিনিট পর সঠিক পাসওয়ার্ড দিয়ে আবার চেষ্টা করতে হবে।,তিনবার ভুল পাসওয়ার্ড দিলে আইডি ৩০ মিনিটের জন্য স্থগিত হতে পারে।,False,0.0,0.9411764705882354,0.5405405405405405,0.5405405405405405,0.4,0.4864864864864865,0.9102542,0.81212395,0.8583936
birth_death_166,birth_death,লগইন আইডি স্থগিত হলে কতক্ষণ অপেক্ষা করব?,BDRIS লগইনে ৩ বার ইউজারনেম ও পাসওয়ার্ড ভুল দিলে আইডি ৩০ মিনিটের জন্য স্থগিত হতে পারে। ৩০ মিনিট পর সঠিক পাসওয়ার্ড দিয়ে আবার চেষ্টা করতে হবে।,৩০ মিনিট,False,0.0,1.0,0.14285714285714288,0.14285714285714288,0.07692307692307693,0.14285714285714288,0.7719903,0.60173887,0.6763146
birth_death_167,birth_death,BDRIS আইডি ৩০ মিনিট লক কেন দেখায়?,BDRIS লগইনে ৩ বার ইউজারনেম ও পাসওয়ার্ড ভুল দিলে আইডি ৩০ মিনিটের জন্য স্থগিত হতে পারে। ৩০ মিনিট পর সঠিক পাসওয়ার্ড দিয়ে আবার চেষ্টা করতে হবে।,BDRIS লগইনে ৩ বার ভুল ইউজারনেম বা পাসওয়ার্ড দিলে আইডি ৩০ মিনিটের জন্য স্থগিত হতে পারে।,False,0.0,0.9822485207100591,0.7142857142857143,0.7142857142857143,0.5,0.6666666666666667,0.94262356,0.8837841,0.912256
birth_death_183,birth_death,কারা জন্ম-মৃত্যু নিবন্ধনের নিবন্ধক?,"সিটি কর্পোরেশন, পৌরসভা, ইউনিয়ন পরিষদ, ক্যান্টনমেন্ট বোর্ড এবং বিদেশে বাংলাদেশ মিশনের ক্ষমতাপ্রাপ্ত কর্মকর্তা জন্ম ও মৃত্যু নিবন্ধনের নিবন্ধক হিসেবে কাজ করেন। সাধারণত জন্মস্থান, মৃত্যুর স্থান বা স্থায়ী বা বর্তমান ঠিকানা অনুযায়ী সংশ্লিষ্ট নিবন্ধক কার্যালয়ে আবেদন করতে হয়।","সিটি কর্পোরেশন, পৌরসভা, ইউনিয়ন পরিষদ, ক্যান্টনমেন্ট বোর্ড এবং বিদেশে বাংলাদেশ মিশনের ক্ষমতাপ্রাপ্ত কর্মকর্তা জন্ম ও মৃত্যু নিবন্ধনের নিবন্ধক হিসেবে কাজ করেন।",False,0.0,1.0,0.7241379310344828,0.7241379310344828,0.7142857142857143,0.7241379310344828,0.9119685,0.83224946,0.87028724
birth_death_184,birth_death,জন্ম নিবন্ধন অফিস কোনটা?,"সিটি কর্পোরেশন, পৌরসভা, ইউনিয়ন পরিষদ, ক্যান্টনমেন্ট বোর্ড এবং বিদেশে বাংলাদেশ মিশনের ক্ষমতাপ্রাপ্ত কর্মকর্তা জন্ম ও মৃত্যু নিবন্ধনের নিবন্ধক হিসেবে কাজ করেন। সাধারণত জন্মস্থান, মৃত্যুর স্থান বা স্থায়ী বা বর্তমান ঠিকানা অনুযায়ী সংশ্লিষ্ট নিবন্ধক কার্যালয়ে আবেদন করতে হয়।","জন্ম ও মৃত্যু নিবন্ধন কার্যক্রম রেজিস্ট্রার জেনারেলের কার্যালয়, জন্ম ও মৃত্যু নিবন্ধন-এর অধীনে পরিচালিত হয়।",False,0.0,0.4035087719298246,0.1509433962264151,0.1509433962264151,0.0784313725490196,0.1509433962264151,0.74941945,0.68947136,0.71819663
birth_death_185,birth_death,মৃত্যু নিবন্ধন কোথায় করতে হয়?,"সিটি কর্পোরেশন, পৌরসভা, ইউনিয়ন পরিষদ, ক্যান্টনমেন্ট বোর্ড এবং বিদেশে বাংলাদেশ মিশনের ক্ষমতাপ্রাপ্ত কর্মকর্তা জন্ম ও মৃত্যু নিবন্ধনের নিবন্ধক হিসেবে কাজ করেন। সাধারণত জন্মস্থান, মৃত্যুর স্থান বা স্থায়ী বা বর্তমান ঠিকানা অনুযায়ী সংশ্লিষ্ট নিবন্ধক কার্যালয়ে আবেদন করতে হয়।","মৃত্যু নিবন্ধন সংশ্লিষ্ট ইউনিয়ন পরিষদ, পৌরসভা, সিটি কর্পোরেশন বা ক্যান্টনমেন্ট বোর্ডের নিবন্ধক কার্যালয়ে করা যায়।",False,0.0,0.8756218905472636,0.42307692307692313,0.42307692307692313,0.12,0.1923076923076923,0.84797305,0.77020454,0.80722004
birth_death_186,birth_death,কোন কার্যালয় জন্ম বা মৃত্যু নিবন্ধন করে?,"সিটি কর্পোরেশন, পৌরসভা, ইউনিয়ন পরিষদ, ক্যান্টনমেন্ট বোর্ড এবং বিদেশে বাংলাদেশ মিশনের ক্ষমতাপ্রাপ্ত কর্মকর্তা জন্ম ও মৃত্যু নিবন্ধনের নিবন্ধক হিসেবে কাজ করেন। সাধারণত জন্মস্থান, মৃত্যুর স্থান বা স্থায়ী বা বর্তমান ঠিকানা অনুযায়ী সংশ্লিষ্ট নিবন্ধক কার্যালয়ে আবেদন করতে হয়।","জন্ম ও মৃত্যু নিবন্ধন কার্যক্রম রেজিস্ট্রার জেনারেলের কার্যালয়, জন্ম ও মৃত্যু নিবন্ধন-এর অধীনে পরিচালিত হয়।",False,0.0,0.4035087719298246,0.1509433962264151,0.1509433962264151,0.0784313725490196,0.1509433962264151,0.74941945,0.68947136,0.71819663
birth_death_187,birth_death,সিটি কর্পোরেশনে জন্ম সনদ কে দেয়?,"সিটি কর্পোরেশন, পৌরসভা, ইউনিয়ন পরিষদ, ক্যান্টনমেন্ট বোর্ড এবং বিদেশে বাংলাদেশ মিশনের ক্ষমতাপ্রাপ্ত কর্মকর্তা জন্ম ও মৃত্যু নিবন্ধনের নিবন্ধক হিসেবে কাজ করেন। সাধারণত জন্মস্থান, মৃত্যুর স্থান বা স্থায়ী বা বর্তমান ঠিকানা অনুযায়ী সংশ্লিষ্ট নিবন্ধক কার্যালয়ে আবেদন করতে হয়।","সিটি কর্পোরেশনে জন্ম নিবন্ধনের আবেদন জমা দেওয়ার প্রয়োজনীয় কাগজপত্র হলো: জন্মের তারিখ, জন্মস্থানের ঠিকানা, স্থায়ী ঠিকানা, বর্তমান ঠিকানা, পিতা-মাতার তথ্য ও প্রয়োজনীয় সংযুক্তি।",False,0.0,0.5234567901234568,0.26229508196721313,0.26229508196721313,0.03389830508474576,0.19672131147540983,0.7609949,0.73549676,0.74802864
birth_death_017,birth_death,জন্ম নিবন্ধন আবেদন করার পর কি অফিসে যেতে হয়?,"অনলাইনে আবেদন জমা দেওয়ার পর সাধারণত আবেদনপত্র প্রিন্ট করে প্রয়োজনীয় কাগজপত্রসহ সংশ্লিষ্ট ইউনিয়ন পরিষদ, পৌরসভা, সিটি কর্পোরেশন বা ক্যান্টনমেন্ট বোর্ডের নিবন্ধক কার্যালয়ে জমা দিতে হয়। নিবন্ধক যাচাই ও অনুমোদন করলে জন্ম নিবন্ধন সম্পন্ন হয়।",অনলাইনে আবেদন জমা দিলেই সব ক্ষেত্রে সনদ প্রস্তুত হয়ে যায় না। অনলাইন আবেদন শেষে আবেদনপত্র প্রিন্ট করে প্রয়োজনীয় কাগজপত্রসহ সংশ্লিষ্ট নিবন্ধক কার্যালয়ে জমা দিতে হয়।,False,0.0,0.78125,0.4745762711864407,0.4745762711864407,0.38596491228070173,0.4745762711864407,0.84244436,0.7845973,0.81249255
birth_death_018,birth_death,অনলাইনে আবেদন করলেই কি জন্ম সনদ হয়ে যায়?,"অনলাইনে আবেদন জমা দেওয়ার পর সাধারণত আবেদনপত্র প্রিন্ট করে প্রয়োজনীয় কাগজপত্রসহ সংশ্লিষ্ট ইউনিয়ন পরিষদ, পৌরসভা, সিটি কর্পোরেশন বা ক্যান্টনমেন্ট বোর্ডের নিবন্ধক কার্যালয়ে জমা দিতে হয়। নিবন্ধক যাচাই ও অনুমোদন করলে জন্ম নিবন্ধন সম্পন্ন হয়।",অনলাইনে আবেদন জমা দিলেই সব ক্ষেত্রে সনদ প্রস্তুত হয়ে যায় না। অনলাইন আবেদন শেষে আবেদনপত্র প্রিন্ট করে প্রয়োজনীয় কাগজপত্রসহ সংশ্লিষ্ট নিবন্ধক কার্যালয়ে জমা দিতে হয়।,False,0.0,0.78125,0.4745762711864407,0.4745762711864407,0.38596491228070173,0.4745762711864407,0.84244436,0.7845973,0.81249255
birth_death_019,birth_death,জন্ম নিবন্ধন অনলাইন আবেদন জমা দিলেই কি সনদ পাওয়া যাবে?,"অনলাইনে আবেদন জমা দেওয়ার পর সাধারণত আবেদনপত্র প্রিন্ট করে প্রয়োজনীয় কাগজপত্রসহ সংশ্লিষ্ট ইউনিয়ন পরিষদ, পৌরসভা, সিটি কর্পোরেশন বা ক্যান্টনমেন্ট বোর্ডের নিবন্ধক কার্যালয়ে জমা দিতে হয়। নিবন্ধক যাচাই ও অনুমোদন করলে জন্ম নিবন্ধন সম্পন্ন হয়।",জন্ম নিবন্ধন অনলাইন আবেদন জমা দিলেই সব ক্ষেত্রে সনদ প্রস্তুত হয়ে যায় না। অনলাইন আবেদন শেষে আবেদনপত্র প্রিন্ট করে প্রয়োজনীয় কাগজপত্রসহ সংশ্লিষ্ট নিবন্ধক কার্যালয়ে জমা দিতে হয়।,False,0.0,0.7894736842105263,0.49180327868852464,0.49180327868852464,0.3728813559322034,0.4262295081967213,0.83039963,0.78087974,0.8048788
birth_death_020,birth_death,অনলাইনে জন্ম নিবন্ধন করার পর পরের ধাপ কী?,"অনলাইনে আবেদন জমা দেওয়ার পর সাধারণত আবেদনপত্র প্রিন্ট করে প্রয়োজনীয় কাগজপত্রসহ সংশ্লিষ্ট ইউনিয়ন পরিষদ, পৌরসভা, সিটি কর্পোরেশন বা ক্যান্টনমেন্ট বোর্ডের নিবন্ধক কার্যালয়ে জমা দিতে হয়। নিবন্ধক যাচাই ও অনুমোদন করলে জন্ম নিবন্ধন সম্পন্ন হয়।",অনলাইনে জন্ম নিবন্ধন আবেদন জমা দেওয়ার পর পরের ধাপ হলো আবেদনপত্র প্রিন্ট করা।,False,0.0,0.874074074074074,0.3829787234042553,0.3829787234042553,0.2222222222222222,0.2978723404255319,0.82841855,0.708919,0.7640243
birth_death_021,birth_death,অনলাইনে আবেদন করার পর কাগজ জমা দিতে হবে কি?,"অনলাইনে আবেদন জমা দেওয়ার পর সাধারণত আবেদনপত্র প্রিন্ট করে প্রয়োজনীয় কাগজপত্রসহ সংশ্লিষ্ট ইউনিয়ন পরিষদ, পৌরসভা, সিটি কর্পোরেশন বা ক্যান্টনমেন্ট বোর্ডের নিবন্ধক কার্যালয়ে জমা দিতে হয়। নিবন্ধক যাচাই ও অনুমোদন করলে জন্ম নিবন্ধন সম্পন্ন হয়।",হ্যাঁ। অনলাইন আবেদন শেষে আবেদনপত্র প্রিন্ট করে প্রয়োজনীয় কাগজপত্রসহ সংশ্লিষ্ট নিবন্ধক কার্যালয়ে জমা দিতে হয়।,False,0.0,0.9108910891089108,0.489795918367347,0.489795918367347,0.3829787234042553,0.489795918367347,0.859708,0.77920365,0.81747854
birth_death_075,birth_death,১৭ অংকের জন্ম নিবন্ধন নম্বর ছাড়া যাচাই করা যাবে?,জন্ম নিবন্ধন অনলাইন যাচাইয়ের জন্য ১৭ অংকের জন্ম নিবন্ধন নম্বর এবং জন্ম তারিখ প্রয়োজন। শুধু নাম দিয়ে সাধারণত অনলাইন যাচাই করা যায় না।,শুধু নাম দিয়ে সাধারণত অনলাইন যাচাই করা যায় না।,False,0.0,1.0,0.5625,0.5625,0.5333333333333333,0.5625,0.9303081,0.7652861,0.8397668
birth_death_076,birth_death,জন্ম নিবন্ধন যাচাই করতে শুধু নাম দিলেই হবে?,জন্ম নিবন্ধন অনলাইন যাচাইয়ের জন্য ১৭ অংকের জন্ম নিবন্ধন নম্বর এবং জন্ম তারিখ প্রয়োজন। শুধু নাম দিয়ে সাধারণত অনলাইন যাচাই করা যায় না।,জন্ম নিবন্ধন অনলাইন যাচাইয়ের জন্য ১৭ অংকের জন্ম নিবন্ধন নম্বর এবং জন্ম তারিখ প্রয়োজন। শুধু নাম দিয়ে সাধারণত অনলাইন যাচাই করা যায় না।,False,1.0,1.0,1.0,1.0,1.0,1.0,0.99999994,0.99999994,0.99999994
birth_death_077,birth_death,নাম দিয়ে জন্ম সনদ যাচাই করা যায়?,জন্ম নিবন্ধন অনলাইন যাচাইয়ের জন্য ১৭ অংকের জন্ম নিবন্ধন নম্বর এবং জন্ম তারিখ প্রয়োজন। শুধু নাম দিয়ে সাধারণত অনলাইন যাচাই করা যায় না।,শুধু নাম দিয়ে সাধারণত অনলাইন জন্ম নিবন্ধন যাচাই করা যায় না।,False,0.0,1.0,0.6470588235294118,0.6470588235294118,0.5000000000000001,0.5294117647058824,0.90215456,0.819234,0.8586971
birth_death_078,birth_death,জন্ম তারিখ ছাড়া জন্ম নিবন্ধন যাচাই হবে?,জন্ম নিবন্ধন অনলাইন যাচাইয়ের জন্য ১৭ অংকের জন্ম নিবন্ধন নম্বর এবং জন্ম তারিখ প্রয়োজন। শুধু নাম দিয়ে সাধারণত অনলাইন যাচাই করা যায় না।,জন্ম নিবন্ধন অনলাইন যাচাইয়ের জন্য ১৭ অংকের জন্ম নিবন্ধন নম্বর এবং জন্ম তারিখ প্রয়োজন। শুধু নাম দিয়ে সাধারণত অনলাইন যাচাই করা যায় না।,False,1.0,1.0,1.0,1.0,1.0,1.0,0.99999994,0.99999994,0.99999994
birth_death_079,birth_death,পুরো নম্বর না জানলে জন্ম নিবন্ধন চেক হবে?,জন্ম নিবন্ধন অনলাইন যাচাইয়ের জন্য ১৭ অংকের জন্ম নিবন্ধন নম্বর এবং জন্ম তারিখ প্রয়োজন। শুধু নাম দিয়ে সাধারণত অনলাইন যাচাই করা যায় না।,"পুরো নম্বর না জানলে অনলাইন যাচাই করা কঠিন। পুরোনো সনদ, আবেদনপত্র বা সংশ্লিষ্ট নিবন্ধক কার্যালয় থেকে নম্বর সংগ্রহ করতে হবে।",False,0.0,0.5201793721973094,0.23255813953488372,0.23255813953488372,0.0975609756097561,0.18604651162790697,0.70706147,0.7526861,0.7291608
birth_death_329,birth_death,BDRIS হেল্পলাইন,জন্ম ও মৃত্যু নিবন্ধন সহায়তার জন্য কল সেন্টার নম্বর ১৬১৫২। নাগরিক সমস্যার জন্য help@bdris.gov.bd ইমেইলেও যোগাযোগ করা যায়।,জন্ম ও মৃত্যু নিবন্ধন সহায়তার জন্য কল সেন্টার নম্বর ১৬১৫২। নাগরিক সমস্যার জন্য help@bdris.gov.bd ইমেইলেও যোগাযোগ করা যায়।,False,1.0,1.0,1.0,1.0,1.0,1.0,1.0000001,1.0000001,1.0000001
